instagram name,instagram name,category_1,category_2,followers,audience country(mostly),authentic engagement,engagement avg
433,433,sports with a ball,nan,48.5m,spain,383.1k,637k
__youngbae__,taeyang,music,nan,12.7m,indonesia,478k,542.3k
_agentgirl_,Ğ½Ğ°ÑÑ‚Ñ Ğ¸Ğ²Ğ»ĞµĞµĞ²Ğ°,shows,nan,18.8m,russia,310.8k,377.9k
_imyour_joy,joy,lifestyle,nan,13.5m,indonesia,1.1m,1.4m
_jeongjaehyun,jaehyun,nan,nan,11.1m,indonesia,2.5m,3.1m
_mariahwasa,hwasa,nan,nan,7.9m,brazil,915.1k,1.2m
_rl9,robert lewandowski,sports with a ball,nan,25m,poland,588.6k,749k
_seorina,á„‰á…¥á†¯á„‹á…µá†«á„‹á…¡ sá´‡á´Ê€ÉªÉ´á´€,lifestyle,cinema & actors/actresses,3m,south korea,803.9k,997.8k
_shotaroo_,shotaro ã‚·ãƒ§ã‚¦ã‚¿ãƒ­ã‚¦,nan,nan,4.9m,indonesia,860.1k,1.1m
03_hu,á„‡á…¡á†¨á„Œá…µá„’á…®,nan,nan,4.1m,south korea,711k,872.6k
21savage,nan,music,nan,13.2m,united states,263.5k,462k
333cyj333,ars ğŸ—,music,nan,6.5m,thailand,359.3k,427.7k
3gerardpique,gerard piqueÌ,sports with a ball,nan,19.8m,spain,446.1k,658.8k
50cent,50 cent,music,nan,27.9m,united states,177.5k,283.2k
9gag,9gag: go fun the world,humor & fun & happiness,nan,58.3m,indonesia,214.7k,276.9k
abdevilliers17,ab de villiers,sports with a ball,lifestyle,17.2m,india,534k,615.9k
aboflah,aboflah,humor & fun & happiness,nan,7.2m,iraq,793.4k,949.4k
achrafhakimi,achraf hakimi,sports with a ball,nan,8.8m,morocco,520k,764.5k
actorleeminho,á„‹á…µá„†á…µá†«á„’á…© leeminho,cinema & actors/actresses,nan,28.9m,indonesia,2.8m,3.7m
actorprabhas,prabhas,nan,nan,8.2m,india,482.2k,540.2k
actorsuriya,suriya sivakumar,nan,nan,4.1m,india,491.3k,637.7k
acunilicali,acun ilÄ±calÄ±,cinema & actors/actresses,nan,13.6m,turkey,233.8k,286.3k
adamsandler,adam sandler,cinema & actors/actresses,nan,12.7m,united states,395.9k,503.9k
addisonraee,nan,beauty,nan,40.5m,united states,1.1m,1.6m
adele,adele,music,nan,49.7m,united states,2.6m,3.6m
adidasoriginals,adidas originals,clothing & outfits,shopping & retail,34.2m,united states,52.4k,71.8k
adinross,nan,nan,nan,2.6m,united states,551.1k,1.1m
aespa_official,aespa á„‹á…¦á„‰á…³á„‘á…¡,nan,nan,8.3m,indonesia,1.1m,1.6m
agustd,suga of bts ë¯¼ìœ¤ê¸°,nan,nan,31.5m,nan,10.9m,10.9m
aishwaryaraibachchan_arb,aishwaryaraibachchan,cinema & actors/actresses,nan,10m,india,247.6k,316.5k
aislinnderbez,ğ”¸ ğ•€ ğ•Š ğ•ƒ ğ•€ â„• â„•  ğ•• ğ•– ğ•£ ğ•“ ğ•– ğ•«,cinema & actors/actresses,nan,12m,mexico,235.7k,295.4k
akshaykumar,akshay kumar,cinema & actors/actresses,nan,61.1m,india,815.3k,971k
alejandrospeitzer,alejandro speitzer,lifestyle,nan,5.1m,mexico,313.3k,488.6k
aleoliveiracm,aleÌ‚ oliveira,humor & fun & happiness,nan,8.3m,brazil,235.8k,598.4k
alexademie,nan,nan,nan,10.8m,united states,1.2m,2.1m
alexandradaddario,alexandra daddario,cinema & actors/actresses,nan,22.4m,india,487.9k,596.6k
alexis_officia1,sanchez alexis,sports with a ball,nan,13.4m,chile,185.2k,304.8k
alexisren,alexis ren,lifestyle,nan,15.8m,united states,102k,158.1k
alfinetei,alfinetadas dos famosos ğŸ“Œ,humor & fun & happiness,nan,21.1m,brazil,99.5k,223.6k
aliaabhatt,alia bhatt ğŸ¤â˜€ï¸,cinema & actors/actresses,nan,61.8m,india,1.2m,1.5m
alidaei,ali daei,sports with a ball,nan,8m,iran,555.8k,937k
aliiiiiiiikarimi8,ali karimi,sports with a ball,nan,9.1m,iran,328.7k,495.1k
alishalehmann7,alisha lehmann,sports with a ball,nan,6.8m,brazil,373.8k,705.3k
alluarjunonline,allu arjun,cinema & actors/actresses,nan,17.6m,india,1.6m,2m
alok,alok,music,art/artists,27m,brazil,249.6k,319.9k
alvaromorata,aÌlvaro morata,sports with a ball,literature & journalism,16.2m,italy,113.1k,175.2k
alvaromorte,Ã¡lvaro morte,cinema & actors/actresses,nan,12.4m,india,244.5k,334.7k
alvxaro,alvaro,lifestyle,nan,9.2m,brazil,169.6k,424.7k
alwaysramcharan,ram charan,lifestyle,cinema & actors/actresses,5.6m,india,596.8k,668.3k
amadorat,n i c o l e   a m a d o ğŸ‰,fashion,lifestyle,8.1m,mexico,505k,564.4k
amandacerny,amanda ğ•®ğ–Šğ–—ğ–“ğ–,humor & fun & happiness,nan,24.1m,india,112.9k,180.6k
amandamanopo,nan,modeling,beauty,15.2m,indonesia,189.6k,250.5k
amarantavp,a m a ğŸ¤,nan,nan,4.9m,mexico,483.8k,605.6k
amauryguichon,amaury guichon,food & cooking,nan,6.7m,united states,357.3k,435.7k
amitabhbachchan,amitabh bachchan,cinema & actors/actresses,nan,30m,india,88.5k,103.6k
amybethmcnulty,ab mcn,lifestyle,cinema & actors/actresses,6.3m,brazil,561.4k,771.3k
ana_d_armas,a n a   d e   a r m a s,cinema & actors/actresses,lifestyle,6.1m,united states,543.4k,735.3k
ananyapanday,ananya ğŸ’›ğŸ’«,cinema & actors/actresses,nan,21.9m,india,318.2k,371.8k
anasmarwah,anas marwah,family,shows,5.5m,iraq,431.8k,557.5k
andreavaldirisos,andrea valdiri ğŸ‡¨ğŸ‡´,lifestyle,beauty,7.7m,colombia,411.3k,584.3k
andresiniesta8,andres iniesta,sports with a ball,nan,39m,spain,91.5k,132.3k
angela_aguilar_,aÌngela aguilar ğŸ‡²ğŸ‡½,lifestyle,nan,8.2m,mexico,285.5k,346k
angeldimariajm,aÌngel di mariÌa,sports with a ball,nan,16.3m,argentina,294.6k,434.1k
angelinajolie,angelina jolie,nan,nan,12.6m,brazil,274.6k,456.2k
angelinajolie,angelina jolie,lifestyle,nan,12.6m,brazil,274.6k,456.1k
angeliqueboyer,angelique boyer,shows,cinema & actors/actresses,13.9m,brazil,247.4k,310.6k
angelrai07,angel rai :),humor & fun & happiness,nan,14.9m,india,462.2k,557.4k
anguscloud,angus cloud,nan,nan,8.3m,united states,1.3m,2.1m
anitta,anitta ğŸ¤,music,nan,61.1m,brazil,542.8k,1m
anjimaxuofficially,anjali arora,lifestyle,nan,11.1m,india,173.3k,221.2k
annakendrick47,anna kendrick,cinema & actors/actresses,nan,20.3m,united states,210k,274.2k
annecurtissmith,anne curtis,music,cinema & actors/actresses,17.8m,philippines,134.7k,152.3k
annehathaway,anne hathaway,cinema & actors/actresses,nan,22.6m,united states,704.3k,928.4k
annemarie,anne-marie,shows,music,9.2m,india,242.5k,339.6k
ansufati,ansu fati,sports with a ball,nan,8m,spain,475.2k,721k
anthonyjoshua,throwback fighter ğŸ§ ,fitness & gym,nan,13.6m,united kingdom,142k,192.8k
antogriezmann,antoine griezmann,sports with a ball,nan,35.5m,spain,205.3k,329.6k
antonelaroccuzzo,antonela roccuzzo,modeling,family,19m,argentina,970.7k,1.6m
anuel,â€œreal hasta la muerteâ€,music,nan,27.9m,spain,586k,892.1k
anupamaparameswaran96,anupama parameswaran,cinema & actors/actresses,nan,11.4m,india,510.4k,583.3k
anushkasen0408,anushka sen,cinema & actors/actresses,nan,34.5m,india,379.1k,443.8k
anushkasharma,anushkasharma1588,cinema & actors/actresses,nan,57.5m,india,1.1m,1.3m
anyageraldine,anya geraldine,music,nan,10.7m,indonesia,182.3k,305.2k
anyataylorjoy,anya taylor-joy,nan,nan,8.8m,united states,679.6k,979.9k
aoc,alexandria ocasio-cortez,nan,nan,8.5m,united states,290.1k,363k
apple,apple,computers & gadgets,photography,27.4m,india,83.4k,111.2k
araikgalstyanmoscowschool,ï½ï½’ï½ï½‰ï½‹  ï½‡ï½ï½Œï½“ï½”ï½™ï½ï½Â®ï¸,beauty,nan,13m,turkey,323k,416.7k
arianagrande,ariana grande,music,nan,302.3m,united states,2.9m,4.1m
arigameplays,arigameplays,nan,nan,9.7m,mexico,900.6k,1.1m
arishfakhan138,sayyed arishfa khan ğŸ’,cinema & actors/actresses,nan,28m,india,183.1k,221.4k
arminzareeiofficial,armin zareei,nan,nan,9.5m,iran,178.5k,286.1k
aron.piper,aronğŸŒœğŸŒ,music,lifestyle,13.9m,brazil,273.1k,515.6k
arsenal,arsenal official,sports with a ball,nan,21.5m,united kingdom,79.9k,120k
arthuraguiar,arthur aguiar,music,cinema & actors/actresses,12.7m,brazil,104.1k,236.8k
asalamaleh,asala maleh,shows,nan,6.6m,iraq,415.9k,514.5k
asaprocky,grim,music,nan,14.6m,united states,383.6k,641.7k
ashishchanchlani,ashish chanchlani,cinema & actors/actresses,nan,13.3m,india,832.6k,1m
ashleybenson,ashley benson,modeling,nan,22.4m,brazil,101k,144.3k
ashleygraham,a s h l e y  g r a h a m,modeling,nan,17.2m,united states,392.7k,519.5k
aslisona,sonakshi sinha,cinema & actors/actresses,lifestyle,21.4m,india,110.2k,134.1k
ateez_official_,ateez(ì—ì´í‹°ì¦ˆ),music,nan,6.3m,united states,410.9k,472.1k
attahalilintar,atta halilintar - papata,art/artists,shows,23.1m,indonesia,140.2k,192.3k
auba,pierre-emerick aubameyang,sports with a ball,nan,12m,united kingdom,379.3k,602.1k
aum_patchrapa,patchrapa chai,cinema & actors/actresses,lifestyle,14.1m,thailand,150.3k,179.2k
aurelie.hermansyah,aurelie hermansyah atta,beauty,nan,25.3m,indonesia,475.2k,601.1k
avani,avani,beauty,lifestyle,18.8m,united states,337k,451.9k
avneetkaur_13,avneet kaur official,cinema & actors/actresses,nan,30.5m,india,281.3k,341.1k
avrillavigne,avril lavigne,music,cinema & actors/actresses,10.7m,brazil,211.2k,263k
awez_darbar,awez darbar,shows,humor & fun & happiness,17.8m,india,466k,558.4k
aykutelmas,aykut elmas,cinema & actors/actresses,photography,6.8m,turkey,321k,376.5k
badbunnypr,nan,music,nan,38.5m,united states,2.5m,3.9m
badgalriri,badgalriri,music,beauty,125.1m,united states,2.8m,4.6m
baifernbah,baifernbah,lifestyle,nan,10.4m,indonesia,224.5k,284.6k
bambam1a,bambam,music,nan,16m,brazil,684.3k,863k
barackobama,barack obama,finance & economics,business & careers,35.4m,united states,148.3k,174.6k
barbieferreira,barbie ferreira,nan,nan,6.1m,united states,635.5k,1.2m
bbrightvc,bright,cinema & actors/actresses,nan,13.5m,indonesia,1.7m,2m
bclsinclair,bunga citra lestari,music,nan,20.2m,indonesia,153.5k,242.6k
beberexha,bebe rexha,music,lifestyle,10.8m,india,221.5k,327k
bebytsabina,cut beby tshabina,modeling,nan,7.1m,indonesia,243.4k,373.9k
beingsalmankhan,salman khan,cinema & actors/actresses,art/artists,50.7m,india,474.6k,604.4k
belindapop,beli,music,nan,14.9m,mexico,136.7k,197k
bellahadid,bella ğŸ¦‹,modeling,nan,50.6m,united states,566.9k,905.3k
bellapoarch,bella poarch,nan,nan,14.3m,united states,859.5k,1.2m
bellathorne,bella,music,art/artists,25.2m,united states,289.5k,485.7k
bernardokath,kathryn bernardo ğŸ˜,beauty,cinema & actors/actresses,16.8m,philippines,452.7k,545.4k
beyonce,beyonceÌ,music,fashion,246.9m,united states,2.6m,3.7m
bhadbhabie,â„¬ğ’½ğ’¶ğ’·ğ’¾â„¯ğŸ¦‹,music,nan,16.4m,united states,143.1k,268k
bhuvan.bam22,bhuvan bam,cinema & actors/actresses,nan,14.2m,india,741k,915.8k
bianca,boca rosa,beauty,nan,17.7m,brazil,73.6k,172.2k
bibisbeautypalace,! bibi,family,lifestyle,7.8m,germany,322.7k,369.6k
bighit_ent,bighit music updates,music,nan,13m,indonesia,721.3k,888.5k
bigsean,bigsean,music,art/artists,14.6m,united states,169.9k,310.3k
billieeilish,billie eilish,music,nan,101.7m,united states,2.6m,3.4m
bizarrap,bzrp,music,nan,11.5m,argentina,920.8k,1.1m
blackpinkofficial,blÎ»É”kpiĞ¸k,music,nan,46.2m,indonesia,1.1m,1.4m
blakelively,blake lively,cinema & actors/actresses,nan,32m,united states,827.1k,1.3m
bleacherreport,bleacher report,sports with a ball,nan,18.4m,united states,103.8k,204.7k
blythe,andrea brillantes,cinema & actors/actresses,modeling,13.4m,philippines,196.9k,224.1k
bmw,bmw,cars & motorbikes,nan,33.1m,india,73.1k,97.6k
bn_sj2013,á„‡á…¡á†¨á„‰á…¥á„Œá…®á†«,cinema & actors/actresses,modeling,21.4m,indonesia,2.5m,2.9m
bobbyindaeyo,ğŸ’€,music,nan,3.4m,indonesia,679.1k,791.2k
borodylia,ĞºÑĞµĞ½Ğ¸Ñ Ğ±Ğ¾Ñ€Ğ¾Ğ´Ğ¸Ğ½Ğ°,shows,family,18.2m,russia,123k,153.2k
bramastavrl,verrell bramasta,cinema & actors/actresses,lifestyle,23.7m,indonesia,109.1k,138.9k
brentrivera,brent rivera,music,cinema & actors/actresses,22.1m,united states,888.3k,1.2m
bretmanrock,bretman (da baddest) rock,art/artists,beauty,18.3m,united states,551k,927.9k
brfootball,bleacher report football,sports with a ball,nan,11.9m,united states,146k,236k
briandadeyanara,brianda ğŸ’–,nan,nan,12.6m,mexico,355.2k,417.3k
brianmaps,Ğ±Ñ€Ğ°Ğ¸Ì†Ğ½ Ğ¼Ğ°Ğ¿Ñ (Ğ¼Ğ°ĞºÑ Ñ‚Ğ°Ñ€Ğ°ÑĞµĞ½ĞºĞ¾),photography,nan,5.8m,russia,608.4k,627.9k
britneyspears,britney spears,music,nan,40.2m,united states,180.5k,251.6k
brunamarquezine,bruna marquezine,cinema & actors/actresses,nan,42.6m,brazil,485.2k,837.2k
brunomars,bruno mars,music,nan,24.9m,brazil,328.7k,499k
brycehall,bryce hall,music,nan,7.5m,united states,279.2k,358.7k
bts.bighitofficial,bts official,music,nan,61.7m,indonesia,2.4m,2.6m
bugatti,bugatti,cars & motorbikes,luxury,16.1m,united states,124.1k,168.5k
bumkeyk,shinee key,music,nan,9m,indonesia,376.3k,451.6k
burakozcivit,burak oÌˆzcÌ§ivit,cinema & actors/actresses,nan,20.5m,turkey,492.8k,597.5k
burcuozberk,burcu oÌˆzberk,cinema & actors/actresses,nan,9m,turkey,560.9k,725.6k
bypamella,by pamella âœ¨ğŸ§¿,shows,nan,9.4m,brazil,237.7k,406.8k
c.syresmith,jaden smith,cinema & actors/actresses,lifestyle,18.6m,united states,190.1k,294.6k
camerondallas,cameron dallas,cinema & actors/actresses,nan,23m,united states,104.8k,182.6k
camila_cabello,camila,music,nan,60.9m,brazil,305.4k,418.1k
camilaloures,camila loures,shows,nan,17.6m,brazil,131.5k,196.3k
camilladelucas,camilla de lucas,beauty,nan,10.8m,brazil,205.2k,376.8k
camilo,c a m i l o,music,nan,26.4m,argentina,252.3k,398.9k
camimendes,camila mendes,cinema & actors/actresses,nan,26.8m,brazil,1.1m,1.6m
canelo,saul alvarez,fitness & gym,nan,12.8m,mexico,203k,282.2k
canyaman,can yaman,cinema & actors/actresses,modeling,9.3m,italy,324.4k,402.8k
caradelevingne,cara delevingne,modeling,cinema & actors/actresses,43.3m,united states,130.1k,182.8k
carlinhosmaiaof,carlinhos maiağŸŒ»,lifestyle,nan,24.8m,brazil,441.9k,810.7k
carryminati,ğ‘¨ğ’‹ğ’†ğ’š ğ‘µğ’‚ğ’ˆğ’‚ğ’“,computers & gadgets,machinery & technologies,15m,india,885.8k,1m
casemiro,casemiro,sports with a ball,nan,14m,spain,149.8k,224.1k
caviarmagnat,by tregubov,nan,nan,13.3m,russia,148.6k,214.4k
cazzu,â™¡ ğ–“ğ–Šğ–“ğ–† á´›Ê€á´€á´á´˜á´€,music,nan,9.8m,argentina,396.2k,508k
cbum,chris bumstead,fitness & gym,nan,6.6m,united states,248.7k,410.6k
celestebarber,celeste barber,humor & fun & happiness,nan,8.9m,united states,364.8k,393.2k
chaelincl,cl,art/artists,fashion,9.8m,brazil,259k,342.5k
championsleague,uefa champions league,sports with a ball,nan,91.4m,brazil,255.3k,344.4k
channingtatum,channing tatum,cinema & actors/actresses,nan,17m,united states,272.1k,393.2k
charles_leclerc,charles leclerc,racing sports,nan,6.6m,italy,473.9k,629.2k
charlidamelio,cd,lifestyle,shows,47.7m,united states,1.5m,1.9m
charlieputh,charlie puth,music,nan,15.7m,united states,320.5k,456.2k
chelseafc,chelsea fc,sports with a ball,nan,33.2m,indonesia,115.7k,172.4k
chiaraferragni,chiara ferragni âœ¨,beauty,nan,26.7m,italy,372k,616.6k
chloegmoretz,chloÃ« grace moretz,cinema & actors/actresses,nan,20.1m,united states,292.9k,392.5k
choi_seung_hyun_tttop,t.o.p,nan,nan,13.6m,indonesia,337.7k,400.7k
choquei,choquei - bbb22,literature & journalism,nan,17m,brazil,90.1k,279.5k
chrisbrownofficial,breezy,music,nan,106m,united states,157.1k,241.9k
chrisevans,chris evans,nan,nan,14.8m,united states,2m,2.4m
chrishemsworth,chris hemsworth,cinema & actors/actresses,nan,54m,india,776.6k,998.1k
chrissyteigen,chrissy teigen,shows,modeling,37.4m,united states,158k,205.5k
ciara,ciara,music,modeling,31.3m,united states,199.4k,270.6k
claaragalle,clara galleğŸŒ€,nan,nan,3.2m,mexico,425.2k,771.6k
claireholt,claire holt,cinema & actors/actresses,lifestyle,7.4m,united states,304.1k,415.4k
claragnds,maria clara garcia,nan,nan,6.4m,brazil,153.4k,386.6k
clean_0828,á„€á…µá†·á„‰á…¦á„Œá…¥á†¼,lifestyle,nan,5.5m,indonesia,1.3m,1.6m
cocielo,juÌlio cocielo estaniecki,cinema & actors/actresses,nan,17.8m,brazil,360.6k,564.8k
coldplay,coldplay,music,nan,15.4m,brazil,274k,381.3k
cole.labrant,cole labrant,lifestyle,fashion,5m,united states,412.6k,580.8k
colesprouse,cole sprouse,modeling,nan,36m,united states,352.7k,459.3k
colleen,colleen ballinger,family,fashion,7.5m,united states,368.3k,463.6k
conangray,conan gray,music,nan,5.7m,brazil,785.4k,1.2m
courteneycoxofficial,courteney cox,cinema & actors/actresses,nan,12.1m,india,319.9k,421.9k
cristiano,cristiano ronaldo,sports with a ball,nan,419.6m,india,5.7m,7m
cvillaloboss,carmen villalobos,shows,cinema & actors/actresses,19.2m,colombia,247.3k,305.1k
cznburak,burak oÌˆzdemir,food & cooking,nan,32.9m,turkey,615.2k,836k
d_a___m_i,kim da mi,nan,nan,4.3m,indonesia,1.1m,1.4m
d_degeaofficial,david de gea,sports with a ball,nan,12.9m,united kingdom,306.8k,434.4k
daddyyankee,daddy yankee,music,nan,44.9m,argentina,1.3m,1.8m
dagelan,dagelan,humor & fun & happiness,nan,20.6m,indonesia,83.4k,140.5k
danbilzerian,dan bilzerian,cinema & actors/actresses,nan,32.8m,india,1.3m,2.1m
danialves,daniel alves,sports with a ball,nan,35.7m,brazil,170.6k,264.9k
daniel.k.here,daniel kang,lifestyle,nan,4.8m,indonesia,458.9k,577.4k
danielricciardo,daniel ricciardo,racing sports,nan,6.6m,united states,361.1k,469.2k
dannapaola,danna paola,music,nan,33.5m,mexico,931.6k,1.3m
daquan,daquan,humor & fun & happiness,nan,16.8m,united states,364.2k,561.9k
darshanravaldz,darshan raval #goriye,music,nan,14.8m,india,205.9k,249.1k
dava_m,Ğ´Ğ°Ğ²Ğ° â“œï¸ Ğ²ÑĞµÌˆ Ğ±ÑƒĞ´ĞµÑ‚ Ñ…Ğ¾Ñ€Ğ¾ÑˆĞ¾ğŸ§¸,business & careers,nan,13.7m,russia,166k,215.9k
davidalaba,david alaba,sports with a ball,nan,8.5m,spain,301.4k,426.7k
davidbeckham,david beckham,family,sports with a ball,71.9m,india,500.4k,641.1k
davidluiz23,david luiz,sports with a ball,nan,21.2m,brazil,69.8k,152.4k
davido,davido,music,nan,23.3m,nigeria,184.9k,259.3k
davidwarner31,david warner,sports with a ball,nan,9.1m,india,238.2k,279.7k
davikah,davikah,modeling,nan,15.9m,thailand,355.3k,460.8k
dbook,devin,nan,nan,5.1m,united states,248.8k,489k
ddlovato,demi lovato,music,nan,128.7m,united states,319.8k,418.4k
dean.schneider,dean schneider,animals,nan,10.1m,india,271.5k,348.2k
dearra,de'arra taylor,lifestyle,nan,6m,united states,236.9k,589.9k
debbyryan,debby ryan,music,cinema & actors/actresses,16.7m,united states,169.4k,246.4k
deepikapadukone,deepika padukone,cinema & actors/actresses,nan,65.5m,india,347.2k,450.3k
deiveleonardo,deive leonardo,literature & journalism,trainers & coaches,10.8m,brazil,234.3k,431.4k
demetozdemir,demet oÌˆzdemir,cinema & actors/actresses,nan,15m,turkey,335.6k,449k
demirose,demi ğŸŒ¹,modeling,lifestyle,19.2m,united states,395.9k,515k
dew_jsu,2000,nan,nan,4.5m,indonesia,798.4k,1.1m
dhanushkraja,dhanush,cinema & actors/actresses,nan,4.2m,india,685.1k,886.3k
diddy,love,music,cinema & actors/actresses,18.4m,united states,109.4k,164.5k
diljitdosanjh,diljit dosanjh,cinema & actors/actresses,nan,12.9m,india,203.3k,244.7k
dindahw,dinda hauw,cinema & actors/actresses,nan,13.9m,indonesia,288.8k,431.5k
dishapatani,disha patani (paatni) ğŸ¦‹,cinema & actors/actresses,lifestyle,49.6m,india,909.3k,1.1m
divyankatripathidahiya,divyanka tripathi dahiya,shows,cinema & actors/actresses,18.9m,india,146.5k,168.2k
dixiedamelio,dixie,music,clothing & outfits,25.1m,united states,293k,430.3k
djokernole,novak djokovic,sports with a ball,nan,10.4m,serbia,195.7k,240.9k
djsnake,djsnake,music,nan,9.1m,india,362.2k,429.6k
djxiao_888,xiaojun,nan,nan,6.6m,indonesia,1.1m,1.3m
dkharbour,david harbour,cinema & actors/actresses,nan,6.2m,united states,352.2k,461.5k
dlwlrma,á„‹á…µá„Œá…µá„€á…³á†· iu,art/artists,nan,25.8m,south korea,2.9m,3.5m
dntlrdl,choiwooshik,lifestyle,nan,5.9m,indonesia,1.5m,2m
do0_nct,doyoung,nan,nan,9.8m,indonesia,1.4m,1.9m
dojacat,doja cat,music,nan,22.4m,united states,2.8m,3.9m
domelipa,domelipa,lifestyle,nan,17.2m,mexico,1.1m,1.3m
dominicfike,nan,nan,nan,3.7m,united states,419.9k,799k
donya,donya,fashion,nan,14.7m,iran,379.8k,596.7k
dovecameron,dove,cinema & actors/actresses,nan,46.4m,united states,618.5k,807.2k
dqsalmaan,dulquer salmaan,cinema & actors/actresses,nan,10.2m,india,176.8k,239.6k
dra.deolanebezerra,deolane bezerra,nan,nan,13.2m,brazil,352k,754.1k
drewstarkey,drew starkey,nan,nan,3.2m,united states,630.2k,1.2m
dualipa,dua lipa,music,nan,81.6m,mexico,2.2m,2.7m
dudewithsign,seth,nan,nan,8.1m,united states,400k,628.5k
dukeandduchessofcambridge,duke and duchess of cambridge,family,finance & economics,13.5m,nan,0,214.2k
dukissj,ya supiste,music,nan,9m,argentina,607.2k,1.1m
dylanminnette,dylan minnette,music,cinema & actors/actresses,7.3m,united states,215.7k,350.4k
dylansprouse,dylan sprouse,cinema & actors/actresses,nan,9.3m,united states,350.3k,549.8k
e_milygarcia,emily garcia,cinema & actors/actresses,nan,11m,brazil,230.1k,380.5k
earthpix,ğŸŒ  earthpix  ğŸŒ,nature & landscapes,photography,22.7m,united states,118.7k,145.9k
easportsfifa,ea sports fifa,sports with a ball,nan,25.8m,spain,70.9k,118.3k
ebi,ebi,music,nan,10.3m,iran,193.6k,260.5k
ederbez,eugenio derbez,cinema & actors/actresses,lifestyle,18.1m,mexico,248.3k,278.9k
egorkreed,ĞµĞ³Ğ¾Ñ€ ĞºÑ€Ğ¸Ğ´ | #heartbreakkid,music,nan,14.7m,russia,322.6k,396.9k
eilirjani,elton ilirjani,lifestyle,nan,9.5m,albania,423.9k,611.6k
elcinsangu,elcÌ§in sangu,cinema & actors/actresses,lifestyle,8.3m,turkey,284.6k,342.8k
eliana,eliana michaelichen,music,shows,29.6m,brazil,119.3k,151.5k
ellenpompeo,ellen pompeo,cinema & actors/actresses,lifestyle,10m,brazil,285.8k,495.8k
elnazshakerdoost,elnaz shakerdoostğŸ¬,cinema & actors/actresses,nan,9.5m,iran,219k,295.7k
elrodrigocontreras,rodğŸ¥´,lifestyle,nan,12.7m,mexico,563.1k,620.8k
elrubiuswtf,el rubius wtf,computers & gadgets,nan,16.2m,mexico,1.4m,1.5m
emilia_clarke,nan,cinema & actors/actresses,nan,27m,india,490.5k,617.2k
emiliamernes,emilia mernes,music,nan,4.9m,argentina,549.5k,1m
eminem,marshall mathers,cinema & actors/actresses,music,35.6m,iran,771.2k,993.5k
emmachamberlain,emma chamberlain,lifestyle,shows,15.3m,united states,1.1m,1.7m
emmaroberts,emma roberts,cinema & actors/actresses,nan,17.7m,united states,266.4k,392.4k
emrata,emily ratajkowski,modeling,nan,29m,united states,475.4k,758.7k
enhypen,enhypen,nan,nan,9.6m,indonesia,1.5m,2.1m
erling.haaland,erling braut haaland,nan,nan,14.8m,brazil,541.8k,811k
esbilgic,esra bilgic,lifestyle,modeling,6.7m,india,319.1k,407.1k
ester_exposito,ester ğŸŒ™,cinema & actors/actresses,nan,29m,russia,2.9m,4.3m
eunwo.o_c,ì°¨ì€ìš°,music,lifestyle,27.4m,indonesia,3.6m,4.5m
euphoria,euphoria,nan,nan,7.9m,united states,1.1m,1.8m
evaluna,evaluna montaner de echeverry,family,music,19.8m,argentina,812.1k,1.1m
evcenf,fahriye evcen oÌˆzcÌ§ivit,lifestyle,beauty,12.8m,turkey,375.6k,473.3k
ewsbdi,ë¡œìš´,nan,nan,4.2m,indonesia,488.6k,730.2k
f1,formula 1Â®,racing sports,nan,18.3m,italy,266.6k,337.7k
fabriziorom,fabrizio romano,literature & journalism,shows,6.4m,italy,328.9k,570.6k
fadiljaidi,fadil jaidi,lifestyle,nan,7m,indonesia,581.5k,873k
faz3,fazza,lifestyle,nan,14m,united arab emirates,257.3k,337.9k
fcbarcelona,fc barcelona,sports with a ball,nan,107.1m,indonesia,450.1k,687.9k
fcbayern,fc bayern,sports with a ball,nan,31.8m,germany,115k,167.4k
fedez,fedez,music,nan,13.7m,italy,725.5k,1m
feliciathegoat,"tyler, the creator",music,nan,12.4m,united states,1m,1.7m
felicyangelista_,felicya angelista,family,nan,21m,indonesia,107k,147.8k
felipeneto,felipe neto ğŸ¦‰,lifestyle,nan,15.4m,brazil,166.1k,236k
fifaworldcup,fifa world cup,sports with a ball,nan,25.5m,india,71.2k,109.1k
florencepugh,florence pugh,humor & fun & happiness,cinema & actors/actresses,7.2m,united states,926.4k,1.4m
for_everyoung10,ì¥ì›ì˜ wonyoung,nan,nan,3.6m,indonesia,733.9k,926.9k
fortnite,fortnite,computers & gadgets,nan,26.1m,united states,102.1k,120.3k
francety,francia james,adult content,nan,10.6m,india,250.4k,328.3k
francinyehlke,fÑan,beauty,nan,15.2m,brazil,86.4k,188.6k
frenchmontana,french montana,music,nan,24.5m,united states,91.5k,151.6k
frenkiedejong,frenkie de jong,sports with a ball,nan,10m,spain,528.6k,792.5k
fuckjerry,fuckjerry,humor & fun & happiness,nan,16.6m,united states,405.3k,523.1k
fuji_an,fujianti utami putri,nan,nan,10.3m,indonesia,531.8k,1.3m
gabigol,gabi ğŸ‡§ğŸ‡· lil gabi,sports with a ball,nan,9.6m,brazil,282k,427k
gal_gadot,gal gadot,cinema & actors/actresses,nan,77m,united states,597.5k,771.6k
galatasaray,galatasaray,sports with a ball,nan,11.1m,turkey,254.4k,307.8k
garethbale11,gareth bale,sports with a ball,nan,46.3m,spain,402.2k,633.9k
gatenm123,gaten matarazzo,music,cinema & actors/actresses,13.6m,brazil,449.5k,594.1k
geneliad,genelia deshmukh,cinema & actors/actresses,nan,9.6m,india,444.4k,550.6k
georgenotfound,georgenotfound,nan,nan,3.1m,united states,997.8k,1.1m
georginagio,georgina rodriÌguez,lifestyle,fashion,36.5m,india,2.5m,3.5m
gessicakayane,gkay,shows,humor & fun & happiness,19.3m,brazil,173.6k,357.9k
ggonekim,nan,nan,nan,5.1m,indonesia,441.6k,542.6k
gianlucavacchi,gianluca vacchi,lifestyle,nan,22.2m,brazil,511.4k,787.2k
giannis_an34,giannis antetokounmpo,sports with a ball,nan,12.3m,united states,217.8k,344.6k
gigihadid,gigi hadid,modeling,lifestyle,73.2m,united states,1.9m,2.8m
gildovigor,gil do vigor,nan,nan,15m,brazil,442.5k,612.2k
gima_ashi,garima chaurasia ğŸ’™,lifestyle,nan,13.9m,india,145.1k,197.8k
gioewbank,giovanna ewbank,cinema & actors/actresses,modeling,28m,brazil,181.4k,290.6k
gisele,gisele buÌˆndchen,modeling,fashion,18.9m,brazil,274.6k,408k
goar_avetisyan,goar avetisyan,beauty,nan,11.5m,russia,510.5k,707.9k
golfarahani,golshifteh farahani,cinema & actors/actresses,nan,12.6m,iran,307.5k,395.7k
grantgust,grant gustin,cinema & actors/actresses,fashion,7.8m,brazil,343.4k,487.3k
greeicy,greeicy,shows,cinema & actors/actresses,20.4m,colombia,201.4k,270.9k
grefg_official,thegrefg,computers & gadgets,machinery & technologies,7.1m,spain,440.1k,546.1k
gucci,gucci official,accessories & jewellery,clothing & outfits,47.9m,united states,57.9k,74.3k
gururandhawa,guru randhawa,music,nan,31.5m,india,110.8k,135.4k
gusein.gasanov,Ğ³ÑƒÑĞµĞ¸Ì†Ğ½ Ğ³Ğ°ÑĞ°Ğ½Ğ¾Ğ²,shows,nan,21m,russia,524.5k,786.1k
gusttavolima,ğŸ› gusttavo lima ğŸ›,music,nan,42.9m,brazil,46.9k,79.8k
hadise,hadise,music,shows,13.7m,turkey,220.7k,257.2k
haechanahceah,haechan,nan,nan,2.7m,nan,0,2.1m
haileesteinfeld,hailee steinfeld,cinema & actors/actresses,nan,18.2m,united states,1.5m,1.9m
haileybieber,hailey rhode baldwin bieber,lifestyle,modeling,42.2m,united states,1.8m,2.4m
hakkiakdenizz,hakki akdeniz,business & careers,nan,17.6m,russia,120.2k,174.4k
handemiyy,hande ercÌ§el,cinema & actors/actresses,nan,27.3m,turkey,2.1m,2.8m
hannahstocking,hannah stocking,modeling,nan,21m,united states,237.2k,337.8k
hardikpandya93,hardik himanshu pandya,sports with a ball,nan,20.6m,india,860.3k,1.1m
harrykane,harry kane,sports with a ball,nan,12.3m,united kingdom,148.3k,204.4k
harrystyles,nan,music,fashion,43.3m,brazil,2.9m,3.9m
hassan_reyvandi,hasan reyvandi Ø­Ø³Ù† Ø±ÛŒÙˆÙ†Ø¯ÛŒ,cinema & actors/actresses,humor & fun & happiness,18.7m,iran,330.1k,456.5k
hegdepooja,pooja hegde,cinema & actors/actresses,nan,18.8m,india,831.7k,959.3k
helen_yes1,ĞµĞ»ĞµĞ½Ğ° ÑĞ°Ğ¶Ğ¸Ğ½Ğ°,cinema & actors/actresses,nan,10.5m,russia,342.4k,442.6k
henrycavill,henry cavill,cinema & actors/actresses,nan,19.7m,brazil,795.1k,966.5k
heybiblee,á„‹á…µá„‰á…¥á†¼á„€á…§á†¼,modeling,nan,13.5m,indonesia,971.1k,1.3m
hi_high_hiy,á„’á…ªá†¼á„‹á…µá†«á„‹á…§á†¸,cinema & actors/actresses,nan,12.9m,south korea,2.6m,3m
hi_songjoongki,á„‰á…©á†¼á„Œá…®á†¼á„€á…µ songjoongki official,cinema & actors/actresses,nan,8.8m,indonesia,1.7m,2.4m
hi_sseulgi,ìŠ¬ê¸° seulgi,modeling,nan,11.9m,indonesia,849.6k,1.1m
hichasestokes,nan,lifestyle,nan,7.4m,united states,640.9k,959.8k
hilaryduff,hilary duff,cinema & actors/actresses,nan,20.6m,united states,147.3k,188.2k
hm_son7,son heungmin(ì†í¥ë¯¼)ğŸ‡°ğŸ‡·,nan,nan,6m,brazil,395.9k,644.2k
holyhaein,ì •í•´ì¸,nan,nan,9.7m,indonesia,2.1m,2.6m
hoooooyeony,hoyeon,lifestyle,nan,23.7m,south korea,2m,2.7m
houseofhighlights,house of highlights,sports with a ball,nan,32.7m,united states,64.6k,117.2k
hrithikroshan,hrithik roshan,cinema & actors/actresses,nan,41.9m,india,638.3k,805.3k
hshq,harry styles hq,music,cinema & actors/actresses,5.5m,united states,488.1k,859.1k
huddy,chase hudson,lifestyle,art/artists,11.9m,brazil,228.4k,317.8k
humansofny,humans of new york,lifestyle,photography,11.8m,united states,181.9k,215.4k
hunterschafer,hunter,nan,nan,7.1m,united states,957.2k,1.6m
hyeri_0609,á„’á…¨á„…á…µ,music,nan,7m,south korea,447.6k,539k
hyunah_aa,hyun ah,music,nan,17.6m,south korea,378.1k,448.7k
hziyech,hakim ziyech,sports with a ball,nan,6m,morocco,348.4k,476k
hztttao,z.taoğŸ”´é»„å­éŸ¬,music,nan,11.3m,indonesia,253.1k,281.3k
i_m_hendery,hiğŸ‘‰ğŸ»im henderyğŸ‘ˆğŸ»,nan,nan,6m,united states,965.5k,1.3m
i_nivethathomas,nivetha thomas,cinema & actors/actresses,nan,5.9m,india,395.3k,447k
iambeckyg,becky g,music,nan,31.2m,mexico,679.2k,817.4k
iamcardib,cardi b,music,fashion,127.2m,united states,2.3m,3.3m
iamferv,fer,lifestyle,art/artists,8.8m,mexico,1m,1.5m
iamhalsey,halsey,music,nan,28.9m,united states,793.7k,1m
iammichelemorroneofficial,michele morrone,lifestyle,cinema & actors/actresses,12.9m,brazil,654.1k,938.9k
iampauloandre,paulo andreÌ ğŸ,lifestyle,nan,6.1m,brazil,122.2k,424.4k
iamsrk,shah rukh khan,cinema & actors/actresses,nan,28.6m,india,717k,909.7k
iamzlatanibrahimovic,zlatan ibrahimoviÄ‡,sports with a ball,nan,52.9m,italy,306.7k,473.1k
iansomerhalder,iansomerhalder,cinema & actors/actresses,nan,22.5m,united states,527.6k,788.9k
ibaillanos,ibai,art/artists,nan,6.8m,spain,859.1k,1.2m
ileana_official,ileana d'cruz,cinema & actors/actresses,nan,14.1m,india,286k,347.7k
imhyoseop,ì•ˆíš¨ì„­,lifestyle,nan,6m,indonesia,1.2m,1.4m
imouniroy,mon,cinema & actors/actresses,nan,22.6m,india,238.9k,290.7k
imsebastianstan,sebastian stan,shows,cinema & actors/actresses,9m,united states,566.1k,672.9k
indiancricketteam,team india,sports with a ball,nan,23.9m,india,223.2k,260.3k
indiaroyale,india,lifestyle,nan,4m,united states,384.5k,1.1m
inijedar,jessica iskandar verhaag,cinema & actors/actresses,nan,29.4m,indonesia,74.5k,99.7k
instagram,instagram,photography,nan,487.2m,india,352.3k,467.4k
iqbaal.e,iqbaal ramadhan,cinema & actors/actresses,nan,13.4m,indonesia,271.4k,465.9k
irinashayk,irinashayk,modeling,nan,17.9m,russia,121.8k,169k
iscoalarcon,isco alarcon suarez,sports with a ball,nan,23.3m,spain,142.7k,206.2k
isisvalverde,isis valverde,cinema & actors/actresses,lifestyle,27.8m,brazil,79.4k,117.2k
its.michhh,michel chavez,nan,nan,5.3m,mexico,605.1k,741.2k
itsmarziapie,marzia kjellberg,beauty,lifestyle,8.2m,united states,603.2k,705.1k
itzy.all.in.us,itzy,music,nan,15.8m,indonesia,761.5k,930.8k
j.m,jimin of bts,nan,nan,32.7m,nan,12.7m,12.7m
jackharlow,jack harlow,lifestyle,music,5.1m,united states,330.8k,618.4k
jacksepticeye,jacksepticeye,computers & gadgets,machinery & technologies,7.7m,united states,277.7k,322.3k
jacksonwang852g7,jackson wang,music,nan,27.3m,china,950.1k,1.1m
jacobelordi,jacob elordi,cinema & actors/actresses,nan,13.2m,brazil,997.4k,1.6m
jacquelinef143,jacqueline fernandez,cinema & actors/actresses,nan,59.3m,india,322k,391.8k
jadepicon,jade ğŸŒª,modeling,fashion,19.4m,brazil,375.2k,818.4k
jailyneojeda,jailyne ojeda ochoa,modeling,lifestyle,14.1m,united states,183.1k,253.7k
jaimelorentelo,el chaval,cinema & actors/actresses,nan,14.5m,brazil,285.1k,381.8k
jairmessiasbolsonaro,jair m. bolsonaro,finance & economics,business & careers,19.5m,brazil,150.9k,212.6k
jakepaul,jake paul,cinema & actors/actresses,nan,19.2m,united states,278.2k,465.1k
jamescharles,james charles,beauty,nan,23.3m,united states,293.9k,432k
jamesrodriguez10,james rodriÌguez,sports with a ball,nan,49.1m,colombia,506k,768.3k
jamorant,12 ğŸ¥·ğŸ½ğŸ–¤,lifestyle,sports with a ball,5.9m,united states,332.9k,537.8k
janhvikapoor,janhvi kapoor,lifestyle,cinema & actors/actresses,16.1m,india,951.3k,1.1m
jannatzubair29,jannat zubair rahmani,cinema & actors/actresses,nan,41.2m,india,614.7k,748.6k
jaspritb1,jasprit bumrah,lifestyle,nan,9.5m,india,466.5k,536k
jaybnow.hr,lim jae beom,music,nan,6.6m,brazil,561.3k,731.7k
jaydacheaves,jayda wayda,clothing & outfits,nan,7m,united states,128.5k,381.3k
jbalvin,j balvin,music,nan,51.9m,mexico,273.6k,363k
jennaortega,jenna ortega,cinema & actors/actresses,lifestyle,7.4m,united states,257.1k,366.1k
jennierubyjane,j,music,nan,64.8m,indonesia,6.2m,7.4m
jennifer.garner,jennifer garner,cinema & actors/actresses,nan,12.5m,united states,255.6k,289.4k
jenniferaniston,jennifer aniston,cinema & actors/actresses,nan,40.1m,brazil,1.6m,2.3m
jenniferwinget1,jennifer winget,cinema & actors/actresses,nan,12.3m,india,322.3k,391.7k
jennmuriel,jenn muriel,lifestyle,modeling,5.5m,colombia,451.5k,562.6k
jensenackles,jensen ackles,cinema & actors/actresses,nan,9.1m,united states,504.6k,655.9k
jeremyrenner,jeremy renner,shows,cinema & actors/actresses,17.2m,united states,192.9k,230.8k
jeromepolin,jerome polin sijabat ã‚·ã‚™ã‚§ãƒ­ãƒ¼ãƒ ,education,humor & fun & happiness,6.5m,indonesia,424.2k,622.4k
jesselingard,jlingz,sports with a ball,nan,9.5m,united kingdom,192.1k,294.5k
jessicah_o,jessi / á„Œá…¦á„‰á…µ,music,nan,9.7m,united states,874.5k,1.1m
jessicajane99,jessica jane,lifestyle,nan,6m,indonesia,441.4k,582.3k
jharden13,james harden,sports with a ball,nan,11.7m,united states,137.5k,236.5k
jheneaiko,jheneÌ aiko efuru chilombo ğŸ”®,music,nan,14m,united states,273.8k,481.1k
jichangwook,ì§€ì°½ìš±,cinema & actors/actresses,nan,19.2m,indonesia,920.2k,1.2m
jimmyfallon,jimmy fallon,shows,humor & fun & happiness,21.3m,united states,97.2k,120.9k
jin,jin of bts,nan,nan,32m,united states,11.1m,11.1m
jin_bighitentertainment,jin (á„€á…µá†·á„‰á…¥á†¨á„Œá…µá†«),lifestyle,nan,8.5m,indonesia,1.2m,1.4m
jinyoung_0922jy,ë°•ì§„ì˜,music,nan,9.3m,indonesia,881.4k,1.2m
jlo,jennifer lopez,music,cinema & actors/actresses,200.8m,united states,429.5k,549.9k
joaogomescantor,joaÌƒo gomes ğŸ™,nan,nan,10.8m,brazil,335.8k,917.8k
joaoguilherme,jÒ‰oÒ‰tÒ‰iÒ‰nÒ‰hÒ‰aÒ‰,music,cinema & actors/actresses,15.5m,brazil,116.8k,227.1k
joeyking,joey king,music,cinema & actors/actresses,19.1m,brazil,541.1k,774.1k
johnnyjsuh,johnny suh,lifestyle,music,8.1m,indonesia,1.3m,1.6m
jojotodynho,jojo,music,nan,21.7m,brazil,117.3k,190.1k
jokowi,joko widodo,finance & economics,nan,45.8m,indonesia,158k,196k
jongsuk0206,ì´ì¢…ì„,cinema & actors/actresses,nan,22.2m,indonesia,2.2m,2.9m
jordialbaoficial,jordi alba,sports with a ball,nan,14.1m,spain,135.7k,196.3k
jorgelopez_as,jorge lopez,cinema & actors/actresses,nan,9.7m,brazil,211.3k,346.3k
joshu_acoustic,joshua hong,music,nan,4m,nan,0,1m
joshuadun,jÃ¸sh dun,music,nan,5.8m,united states,540.3k,660k
juandam___,juanda.,nan,nan,3.5m,colombia,772.4k,941.2k
juandediospantoja,jd pantoja ğŸ‡²ğŸ‡½,music,art/artists,21.5m,mexico,519.1k,591.8k
juanpazurita,juanpa zurita,cinema & actors/actresses,nan,28.6m,mexico,341.7k,485.8k
juansguarnizo,juan sebastiÃ¡n guarnizo,nan,nan,4.7m,mexico,659.6k,722.9k
juicewrld999,juice wrld 9 9 9,nan,nan,12.2m,united states,493.9k,833.2k
juki_lop,jukilop,shows,family,9.1m,mexico,493k,573.3k
julesleblanc,julianna,music,shows,9.7m,united states,409.5k,592.1k
julianapaes,juliana paes,art/artists,cinema & actors/actresses,30.2m,brazil,61.4k,95.2k
juliette,juliette,cinema & actors/actresses,nan,33.7m,brazil,201.2k,319.8k
jungkook_bighitentertainment,jungkook (ì „ì •êµ­) updates,management & marketing,music,9.9m,brazil,1.8m,2m
jungkook.97,jungkook,nan,nan,35.8m,nan,11.4m,11.4m
justinbieber,justin bieber,music,nan,227m,india,439.1k,638.2k
justinbieber,justin bieber,music,nan,227.4m,india,314.2k,445.3k
justintimberlake,justin timberlake,music,art/artists,64.2m,united states,323.3k,432.9k
juventus,juventus,sports with a ball,nan,52.9m,india,61.8k,89.4k
k.kbeom,á„€á…µá†·á„‡á…¥á†· kimbum,nan,nan,5.2m,indonesia,1m,1.2m
k.mbappe,kylian mbappeÌ,sports with a ball,nan,68.9m,france,3m,4.3m
kajalaggarwalofficial,kajal a kitchlu,cinema & actors/actresses,nan,21.7m,india,527.3k,638k
kaka,kakaÌ,sports with a ball,nan,17.9m,brazil,83.6k,136.1k
kaliuchis,nan,music,nan,3.7m,united states,399.2k,689.7k
kapilsharma,kapil sharma,cinema & actors/actresses,shows,39.8m,india,690.2k,789.3k
kareenakapoorkhan,kareena kapoor khan,lifestyle,cinema & actors/actresses,8.9m,india,367.4k,458.3k
karimbenzema,karim benzema,sports with a ball,nan,47.4m,france,981.2k,1.4m
karljacobs,karl jacobs,nan,nan,4m,united states,722.5k,941.7k
karolg,karol g,music,nan,50.8m,mexico,4.5m,5.4m
kartikaaryan,kartik aaryan,cinema & actors/actresses,nan,23.8m,india,472.2k,588.2k
katherinelangford,katherine langford,cinema & actors/actresses,nan,25.7m,india,241.9k,346.4k
katrinakaif,katrina kaif,beauty,nan,62.9m,india,1m,1.1m
katyperry,katy perry,music,nan,156.6m,brazil,231.8k,302.6k
kawtarbamo,kawtar ba-mohamed,cinema & actors/actresses,nan,7.2m,morocco,275.9k,374.1k
kaylanicolejones,nan,shows,nan,7.3m,united states,166.5k,352.7k
keerthysureshofficial,keerthy suresh,fashion,cinema & actors/actresses,12.5m,india,650.7k,743.6k
kehlani,kehlani,music,family,13.7m,united states,210.5k,328.2k
kendalljenner,kendall,modeling,fashion,227.4m,united states,3.4m,5.5m
keniaos,kenia os,music,nan,12.6m,mexico,545.2k,709k
kentooyamazaki,å±±ï¨‘è³¢äºº,cinema & actors/actresses,nan,4.9m,japan,583k,677.1k
kenzie,kenzie â™¡,art/artists,nan,14.8m,united states,232.4k,353.6k
kevindebruyne,kevin de bruyne,sports with a ball,nan,16.8m,united kingdom,247.5k,382.9k
kevinhart4real,kevin hart,cinema & actors/actresses,nan,140.2m,united states,111.3k,141k
kevinroldankr,kr â™›,music,nan,10.1m,mexico,180.2k,291.4k
khabib_nurmagomedov,Ñ…Ğ°Ğ±Ğ¸Ğ± Ğ½ÑƒÑ€Ğ¼Ğ°Ğ³Ğ¾Ğ¼ĞµĞ´Ğ¾Ğ²,fitness & gym,nan,33.3m,russia,252.6k,353.3k
khaby00,khaby lame,nan,nan,73.9m,iran,4.3m,6.5m
khloekardashian,khloeÌ kardashian,clothing & outfits,lifestyle,230.2m,united states,991.1k,1.2m
kiaraaliaadvani,kiara,cinema & actors/actresses,nan,22.1m,india,828.8k,939.3k
kiernanshipka,kiernan shipka,cinema & actors/actresses,nan,8.1m,brazil,207.3k,335.8k
kimberly.loaiza,kim loaiza ğŸ–¤,clothing & outfits,lifestyle,33.9m,mexico,995k,1.2m
kimjuncotton,suho,lifestyle,nan,9.7m,indonesia,1.4m,1.7m
kimkardashian,kim kardashian,fashion,beauty,296.4m,united states,2m,2.9m
kimshantal,kim shantal ğŸŒ¹,music,nan,11.6m,mexico,203.3k,237.8k
kingarturo23oficial,arturo vidal,sports with a ball,nan,16.7m,italy,120.8k,194.8k
kingbach,king bach,music,art/artists,22.1m,united states,120.6k,242k
kingjames,ğŸ‘‘,sports with a ball,nan,116.6m,united states,952.9k,1.6m
kingryan,ryan garcia,fitness & gym,nan,8.7m,united states,209.5k,316.6k
kittychicha,nanno | kittychicha amatayakul,lifestyle,nan,4.2m,philippines,678.8k,823.4k
kjapa,kj apa,cinema & actors/actresses,nan,19m,united states,1m,1.5m
kkvsh,ğŸ‡¯ğŸ‡²ğŸ¦‚ğŸ‡¸ğŸ‡»,lifestyle,nan,8.2m,united states,198.8k,336.6k
klaythompson,klay thompson,sports with a ball,lifestyle,11.6m,united states,202.3k,294.7k
kourtneykardash,kourtney â¤ï¸,lifestyle,nan,166.4m,united states,674.5k,961.2k
krisjenner,kris jenner,shows,beauty,46.6m,united states,119.6k,183.4k
kritisanon,kriti,modeling,nan,47.3m,india,565.5k,658.2k
ksi,ksi,music,nan,11.2m,united kingdom,611.7k,857.5k
kun11xd,kun,lifestyle,nan,6.5m,indonesia,802.4k,1m
kunaguero,sergio leonel aguÌˆero,sports with a ball,nan,22.4m,argentina,458.4k,794.5k
kyliejenner,kylie ğŸ¤,fashion,modeling,323.3m,united states,7.6m,12.3m
kyo1122,song hyekyo,cinema & actors/actresses,nan,12.9m,indonesia,636.2k,810.5k
kyrieirving,k.a.i hÃ©lÃ ,sports with a ball,nan,16.2m,united states,142.7k,216.8k
l7nnon,l7,lifestyle,shows,6.3m,brazil,214k,507.9k
la_segura,la segura â™› â™¥,cinema & actors/actresses,nan,8.2m,colombia,335.2k,411.3k
lacikaysomers,laci kay somers,music,modeling,11.8m,united states,147.5k,253.7k
ladivaza,âœ¨la divazaâœ¨,music,modeling,6.8m,mexico,388.9k,474.5k
ladygaga,lady gaga,music,cinema & actors/actresses,51.9m,united states,498.3k,700k
lakers,los angeles lakers,sports with a ball,nan,19.3m,united states,85.8k,132.4k
lalalalisa_m,lisa,music,nan,75.7m,indonesia,7.5m,8.6m
lamborghini,lamborghini,luxury,cars & motorbikes,31.6m,india,174.4k,240.5k
lanacondor,nan,cinema & actors/actresses,nan,10.9m,brazil,283k,385.7k
larasilva,lara silva ğŸ’¦,shows,adult content,16.8m,brazil,789k,1.2m
larissamanoela,larissa manoela,cinema & actors/actresses,nan,44.8m,brazil,192.1k,320.4k
larray,larri,lifestyle,modeling,6.7m,united states,357k,521.5k
laurenlondon,lauren london,cinema & actors/actresses,modeling,9.7m,united states,217.7k,371.6k
ldh_sky,á„‹á…µá„ƒá…©á„’á…§á†«,nan,nan,5.5m,indonesia,978.4k,1.3m
leaelui,lea elui g,modeling,lifestyle,11.7m,india,428.4k,719.5k
leedongwook_official,ì´ë™ìš± (official_instagram),cinema & actors/actresses,nan,14.1m,indonesia,1m,1.4m
leeyoum262,á„‹á…µá„‹á…²á„†á…µ,photography,humor & fun & happiness,8.1m,south korea,562.7k,688.8k
leighannepinnock,leigh-anne pinnock,music,nan,8.5m,brazil,279.1k,398k
lelepons,lele pons,music,nan,47.7m,mexico,724.3k,1.1m
leomessi,leo messi,sports with a ball,family,315.4m,argentina,4m,5.3m
leonardodicaprio,leonardo dicaprio,cinema & actors/actresses,nan,52.8m,united states,132k,166.2k
ler_chek,Ğ²Ğ°Ğ»ĞµÑ€Ğ¸Ñ Ñ‡ĞµĞºĞ°Ğ»Ğ¸Ğ½Ğ°,lifestyle,beauty,10.5m,russia,713k,923.3k
lestykejora,lestikejora,music,nan,24.9m,indonesia,372.9k,484k
letthelordbewithyou,scott disick,lifestyle,family,26.5m,united states,61.5k,92.2k
lewishamilton,lewis hamilton,racing sports,nan,27.5m,brazil,819.9k,1.2m
lexibrookerivera,lexi rivera,shows,humor & fun & happiness,8.4m,united states,778k,975.4k
liampayne,liam payne,music,nan,24.1m,united states,420.4k,585.5k
lilbaby,wham,music,nan,18.8m,united states,475.4k,876.5k
lildurk,durkiooo,music,art/artists,13m,united states,162.1k,458.2k
lilireinhart,lili reinhart,cinema & actors/actresses,nan,29m,brazil,1.5m,2.2m
lilnasx,montero,music,nan,12.2m,united states,815.5k,1.4m
liluzivert,nan,music,nan,15.8m,united states,1.1m,2m
lilyjcollins,lily collins,cinema & actors/actresses,nan,26.9m,united states,314.3k,467.3k
linatejeiro,lina tejeiro.,cinema & actors/actresses,nan,9.2m,colombia,237.7k,287k
lisakudrow,lisa kudrow,cinema & actors/actresses,nan,8.5m,india,356.6k,475.7k
litkillah,mawzğŸ’¬,music,nan,7.2m,argentina,438.7k,578.4k
littlebodybigheart,melanie martinez,music,nan,11.1m,brazil,913.1k,1.2m
littlemix,little mix,music,nan,15.4m,brazil,172.1k,232k
liverpoolfc,liverpool football club,sports with a ball,nan,36.7m,united kingdom,100.2k,138.2k
lizakoshy,liza koshy,cinema & actors/actresses,nan,19.6m,united states,156.3k,208.8k
lizasoberano,liza soberano,beauty,cinema & actors/actresses,16.9m,philippines,243.1k,289.9k
lizgillz,elizabeth gillies,music,cinema & actors/actresses,13.9m,mexico,563k,816.3k
lizzobeeating,lizzo,music,lifestyle,12.1m,united states,213.1k,298.3k
loganpaul,logan paul,fitness & gym,nan,22.5m,united states,549.4k,733.8k
lomon991111,lomon 991111,nan,nan,5.7m,nan,0,1.7m
loren,loren gray,fashion,modeling,22.5m,united states,137.3k,227.3k
loud_babi,baÌrbara passos,lifestyle,nan,9.2m,brazil,200.1k,323.5k
loud_victor,victor augusto,lifestyle,sports with a ball,10.4m,brazil,511.2k,652.3k
louist91,louis tomlinson,music,nan,18.2m,brazil,1.1m,1.5m
louisvuitton,louis vuitton,fashion,clothing & outfits,47.7m,brazil,46.2k,59.7k
lucas_lira,lucas lira,humor & fun & happiness,lifestyle,5.8m,brazil,296.5k,434.3k
lucasranngel,lucas rangel,lifestyle,nan,19.2m,brazil,186.8k,412.3k
lucyhale,lucy hale,cinema & actors/actresses,nan,24.3m,united states,183.5k,240.4k
ludmilla,ludmilla,music,nan,26.5m,brazil,143.5k,212.6k
luisafernandaw,luisa fernanda w,lifestyle,beauty,16.9m,colombia,106.3k,162.1k
luisasonza,luÃ­sa sonza,music,lifestyle,28.2m,brazil,125.1k,198.9k
luisitocomunica,luisillo el pillo,humor & fun & happiness,clothing & outfits,31.7m,mexico,939.8k,1.2m
luissuarez9,luis suarez,sports with a ball,nan,43m,brazil,238.8k,356.5k
lukamodric10,luka modric,sports with a ball,nan,21.6m,spain,419.8k,616.3k
lunay,el ninÌƒo ğŸ‘¶ğŸ»,music,nan,10.3m,mexico,202.6k,296.6k
luvadepedreiro,iran ferreira,nan,nan,9.5m,brazil,910.4k,2.1m
lynaritaa,lyna perez,nan,nan,8.6m,united states,227.1k,299.4k
m_kayoung,mun ka young,cinema & actors/actresses,nan,7.9m,indonesia,1.1m,1.5m
m10_official,mesut oÌˆzil,sports with a ball,nan,24m,turkey,526.6k,738.3k
machinegunkelly,the blonde don,music,nan,9.6m,united states,284k,457.5k
maddieziegler,maddie,cinema & actors/actresses,modeling,13.9m,united states,533.4k,799.9k
madelame,madelaine petsch,cinema & actors/actresses,nan,25.3m,russia,1.3m,1.8m
madelyncline,maddie,nan,nan,12.4m,united states,1.6m,2.3m
madhuridixitnene,madhuri dixit,music,cinema & actors/actresses,30.6m,india,297.2k,343.1k
madisonbaileybabe,maddie baby,lifestyle,nan,6.7m,united states,416.4k,779.3k
madisonbeer,madison beer,music,nan,30.6m,united states,630.2k,940.9k
mahnaz_afshar,mahe man,cinema & actors/actresses,lifestyle,15.7m,iran,154.3k,212.9k
maisa,#name?,music,nan,42m,brazil,343.7k,468k
maluma,maluma,music,nan,61.6m,italy,329.2k,507.6k
malutrevejo,maluÌ ğŸ¦‹ 222ğŸ¤,music,nan,11.2m,united states,277.2k,496.8k
manchesterunited,manchester united,sports with a ball,nan,56.5m,united kingdom,116.6k,188.8k
manelyk_oficial,manelyk gonzalez,music,nan,14.1m,mexico,179.5k,240.4k
maneskinofficial,maÌŠneskin,lifestyle,nan,6m,italy,519.4k,733.5k
manurios,manu rios,shows,nan,9.9m,mexico,572.7k,966k
marcelotwelve,marcelo vieira,sports with a ball,nan,53m,spain,413.5k,622.2k
marcmarquez93,marc maÌrquez,racing sports,nan,6.6m,indonesia,478.2k,634.5k
marcoasensio10,marco asensio,sports with a ball,nan,13.6m,spain,194.3k,298.3k
marcusrashford,marcus rashford mbe,sports with a ball,nan,12.7m,united kingdom,401.9k,635.5k
mariaalice,maria alice,nan,nan,6.8m,brazil,673.4k,1.4m
mariabecerra,maria becerra,music,nan,8.6m,argentina,332.3k,785k
mariapedraza_,mariÌa pedraza,cinema & actors/actresses,nan,12m,spain,279.6k,369k
marimaria,mari maria,beauty,nan,19.9m,brazil,126.6k,242.7k
marinaruybarbosa,marina ruy barbosa,cinema & actors/actresses,nan,39.8m,brazil,86.6k,130.1k
markiplier,markiplier,shows,nan,9.8m,united states,406.5k,463.3k
markruffalo,mark ruffalo,cinema & actors/actresses,nan,20.5m,brazil,194.3k,244.2k
marktuan,mark tuan,music,cinema & actors/actresses,12.1m,thailand,667.1k,877.2k
marshmellomusic,marshmello,music,nan,29.2m,india,345.6k,406.6k
martingarrix,martin garrix,music,nan,15.6m,mexico,152.8k,216.3k
marvel,marvel entertainment,cinema & actors/actresses,comics & sketches,62.7m,united states,180.1k,212.5k
marvelstudios,marvel studios,cinema & actors/actresses,comics & sketches,36.1m,india,225.5k,252.6k
mathildtantot,mathilde,lifestyle,modeling,10.3m,united states,310.2k,470k
matue30,matuÃª,lifestyle,nan,6.1m,brazil,186k,408.1k
maudeapatow,maude apatow,lifestyle,cinema & actors/actresses,4.8m,united states,577k,955.1k
maudyayunda,maudy ayunda,music,nan,15.4m,indonesia,110.9k,163.5k
maxverstappen1,max verstappen,racing sports,nan,8.2m,united states,398.7k,524.4k
meganfox,megan fox,cinema & actors/actresses,nan,19.9m,united states,2.1m,3.4m
mehraadjam,mehraad jam,music,nan,4.7m,iran,385k,564.1k
mejiwoo103,á„Œá…µá„‹á…®,nan,nan,11.1m,indonesia,432.4k,521.9k
melissamelmaia,mel maia ğŸ¯,music,nan,11.5m,brazil,245.1k,444.1k
melo,lamelo ball,sports with a ball,nan,8.3m,united states,298.1k,605.6k
memezar,memezar â€¢ comedy and culture,cinema & actors/actresses,nan,23.7m,united states,325.6k,484.7k
memphisdepay,memphis depay,sports with a ball,nan,14.2m,france,191.6k,339.1k
mercedesbenz,mercedes-benz,cars & motorbikes,luxury,35.3m,iran,75k,106.8k
miakhalifa,mia k.,fitness & gym,lifestyle,27.7m,india,1.5m,2.3m
michaelbjordan,michael b. jordan,cinema & actors/actresses,nan,18.4m,united states,452.9k,751k
michaelclifford,michael clifford,music,nan,5.8m,united states,291.9k,427.9k
michelleobama,michelle obama,finance & economics,business & careers,49.1m,united states,132.3k,150.2k
miguel_bernardeau,miguel bernardeau,cinema & actors/actresses,nan,7m,spain,260.8k,384.5k
miguel.g.herran,miguel herraÌn,cinema & actors/actresses,nan,14.2m,brazil,998.2k,1.5m
miketyson,mike tyson,fitness & gym,nan,18.1m,united states,122.8k,157.3k
mikhail_litvin,Ğ¼Ğ¸Ñ…Ğ°Ğ¸Ğ» Ğ»Ğ¸Ñ‚Ğ²Ğ¸Ğ½,shows,nan,14.6m,russia,972k,1.2m
milad_khahhh,milad ghasemikhah pargam,lifestyle,nan,5.6m,iran,365.1k,512.7k
mileycyrus,miley cyrus,music,nan,163.8m,united states,439.7k,594.9k
milliebobbybrown,millie bobby brown,cinema & actors/actresses,nan,48.2m,brazil,2.1m,2.7m
mimikeene3,ğ•„ ğ•€ ğ•„ ğ•€  ğ•‚ ğ”¼ ğ”¼ â„• ğ”¼,cinema & actors/actresses,nan,4.3m,united kingdom,765.8k,1.4m
min9yu_k,ê¹€ë¯¼ê·œ,music,nan,6m,indonesia,1.1m,1.3m
mingue.k,ê¹€ë¯¼ê·œ,shows,nan,3.3m,indonesia,893.5k,1.1m
mirandacosgrove,miranda cosgrove,music,cinema & actors/actresses,9.8m,brazil,213.5k,333.6k
mirella,bad mi âš¡ï¸ mc mirella,music,nan,26.6m,brazil,230.4k,486.7k
missasinfonia,missasinfonia,nan,nan,4.6m,mexico,656.8k,752.9k
mo.on_air,taeil,nan,nan,4.4m,indonesia,1.2m,1.4m
mohamedramadanws,mohamed ramadan,music,nan,20.1m,egypt,93.9k,129.9k
mohanshakti,shakti mohan,art/artists,cinema & actors/actresses,14.9m,india,207k,248k
mont.pantoja,mont,nan,nan,11.4m,mexico,498.7k,593.7k
mosalah,mohamed salah,sports with a ball,nan,49m,egypt,1.2m,1.7m
mr_faisu_07,faisal shaikh,modeling,cinema & actors/actresses,26.9m,india,362k,462.1k
mrbeast,mrbeast,shows,humor & fun & happiness,18m,united states,1.4m,1.8m
ms_puiyi,siew pui yi ğŸ¤,adult content,nan,17.2m,united states,384k,491.9k
mterstegen1,marc ter stegen,sports with a ball,nan,13.3m,spain,280k,422k
myketowers,michael,music,nan,9.4m,spain,207.9k,376.1k
na.jaemin0813,jaemin,nan,nan,8.8m,indonesia,1.9m,2.4m
nabilla,nabilla vergara âœ¨,beauty,nan,7.2m,france,266.8k,367.4k
nadin_serovski,nadin serovski,family,lifestyle,9.4m,russia,515.7k,710.1k
nadine,å°å®®å¸Œç¾ ğŸ¤,music,shows,11.1m,philippines,319.9k,354.6k
naileadevora,nai,shows,nan,5m,united states,482.4k,712.7k
nameisnani,nani,sports with a ball,nan,4.8m,india,517.8k,559k
nancyajram,nancy ajram,music,nan,32.4m,iraq,140.3k,179.5k
narendramodi,narendra modi,finance & economics,business & careers,66.5m,india,1.5m,1.7m
narins_beauty,â€¢â€¢narins beautyâ€¢â€¢,lifestyle,nan,8.4m,syria,351.6k,429k
nasa,nasa,science,photography,75.3m,india,564.5k,653.2k
natalee.007,natalie lee,modeling,music,6.9m,united states,286.6k,366.1k
natashawilona12,natasha wilona,beauty,nan,37.5m,indonesia,233.3k,278.6k
natgeo,national geographic,nature & landscapes,science,214.6m,united states,124.7k,145.5k
natgeotravel,national geographic travel,nature & landscapes,photography,45.4m,united states,50.6k,56.9k
nattinatasha,natti natasha,music,cinema & actors/actresses,35.4m,mexico,281.1k,338.3k
navidmohammadzadeh,navid mohammadzadeh,cinema & actors/actresses,nan,8.2m,iran,541.4k,764k
nazriyafahadh,nazriya nazim fahadh,lifestyle,nan,5.5m,india,371.8k,497.8k
nba,nba,sports with a ball,nan,65.8m,united states,40.6k,68.2k
ncentineo,noah,cinema & actors/actresses,nan,17m,brazil,200.3k,333.6k
nct,nct official instagram,music,nan,13.6m,indonesia,624.9k,819.9k
nct_dream,nct dream official,nan,nan,9.2m,indonesia,576.3k,642.9k
nct127,nct 127 official instagram,music,nan,13.7m,indonesia,787.2k,972.3k
nehakakkar,neha kakkar (mrs. singh),music,nan,68.5m,india,664.8k,774.4k
nehasharmaofficial,neha sharma ğŸ’«,cinema & actors/actresses,nan,13.9m,india,232.8k,267.6k
neslihanatagul,neslihan ataguÌˆl dogÌ†ulu,cinema & actors/actresses,modeling,13m,turkey,670.6k,842.6k
nessabarrett,ness,nan,nan,6.6m,united states,340.2k,461.3k
netflix,netflix us,cinema & actors/actresses,shows,29.5m,brazil,65k,105.9k
netflixbrasil,netflix brasil,shows,cinema & actors/actresses,29.9m,brazil,103.7k,177.5k
neymarjr,nj ğŸ‡§ğŸ‡·,sports with a ball,nan,172m,brazil,1.6m,2.3m
niallhoran,niall horan,music,nan,29.4m,united states,1.2m,1.8m
nianaguerrero,niana,music,kids & toys,14m,indonesia,410.6k,514.8k
nicki.nicole,nan,music,nan,11.5m,argentina,876.2k,1.3m
nickiminaj,barbie,music,nan,181.6m,united states,393.7k,615.2k
nickjonas,nick jonas,music,art/artists,32.3m,united states,164k,233k
nickyjam,nicky jam,music,nan,42.7m,colombia,290.9k,347k
nicolegarcia,nicole,lifestyle,nan,5.3m,mexico,384.9k,503.4k
nike,nike,fitness & gym,shopping & retail,208.9m,united states,129.5k,175.5k
nikefootball,nike football (soccer),sports with a ball,clothing & outfits,44.3m,brazil,74.8k,117.4k
nikitadragun,nikita,beauty,modeling,9.1m,united states,368k,562.1k
nikkietutorials,nikkietutorials,beauty,nan,15.6m,united states,353.8k,480.5k
nina,nina dobrev,cinema & actors/actresses,nan,25.5m,brazil,778.5k,1.1m
nita_shilimkar,nita shilimkar,fashion,modeling,10.3m,india,351.1k,464.9k
noahbeck,noah beck,sports with a ball,nan,9m,united states,317.3k,523k
noahschnapp,noah schnapp,cinema & actors/actresses,nan,20.1m,brazil,1.3m,1.7m
nobru,bruno goes ğŸ­,nan,nan,13.2m,nan,0,350.2k
nobru,bruno goes ğŸ­,machinery & technologies,computers & gadgets,13.2m,nan,0,350.1k
nodal,christian nodal ğŸ‡²ğŸ‡½ ğŸŒµğŸ’š,music,nan,8.4m,mexico,252.4k,415.5k
nolimitherbo,g herbo,music,art/artists,7.4m,united states,156.2k,374.7k
noorstars,Ù†ÙˆØ± Ø³ØªØ§Ø±Ø² | noor stars,shows,nan,12.6m,iraq,149.5k,199.6k
norafatehi,nora fatehi,cinema & actors/actresses,music,38.6m,india,865.8k,1.1m
normani,normani,lifestyle,nan,7m,united states,313.8k,490.9k
nusr_et,nusr_et#saltbae,food & cooking,nan,43.5m,turkey,192.9k,285.4k
o.dembele7,believe,sports with a ball,nan,10.3m,spain,468.6k,804k
obj,odell beckham jr,sports with a ball,nan,15.8m,united states,339.5k,645.8k
obx,outer banks,nan,nan,5.4m,united states,587.3k,1.1m
officialslystallone,sly stallone,art/artists,cinema & actors/actresses,14.8m,united states,162.9k,206.3k
offsetyrn,offset,music,nan,19.7m,united states,313.3k,559.8k
oliviarodrigo,olivia rodrigo,music,cinema & actors/actresses,22.9m,india,2.8m,3.5m
onwardwanna,"javon ""wanna"" walton",lifestyle,cinema & actors/actresses,5.1m,united states,1m,1.7m
onyourm__ark,mark,nan,nan,8.3m,indonesia,1.7m,2.1m
oohsehun,sehun,music,nan,22.9m,indonesia,1.9m,2.4m
ozuna,@ozutochi ğŸ”œ #temporadadelozo,music,nan,22.2m,spain,167.1k,225.3k
pablogavi,gavi,nan,nan,3.3m,nan,0,841.6k
paollaoliveirareal,paolla oliveira,cinema & actors/actresses,lifestyle,33.6m,brazil,127.6k,167.4k
parineetichopra,parineeti chopra,cinema & actors/actresses,nan,35.2m,india,357.5k,412.1k
paulodybala,paulo dybala,sports with a ball,nan,45.8m,argentina,662.9k,1.1m
paulolondra,paulo londra,music,nan,12.6m,argentina,1.2m,1.9m
paulpogba,paul labile pogba,sports with a ball,nan,52.8m,brazil,353.4k,628.5k
paulwalker,paul walker,cinema & actors/actresses,nan,14.6m,india,217.2k,297.8k
paulwesley,paul wesley,cinema & actors/actresses,nan,12.2m,brazil,640k,958k
pefabiodemelo,padre fÃ¡bio de melo,lifestyle,nan,25.5m,brazil,81.6k,122.9k
perrieedwards,perrie edwards ğŸ–¤,modeling,nan,14.5m,brazil,523.1k,816.7k
perspolis,p e r s e p o l i s,sports with a ball,nan,7.6m,iran,276.5k,393.2k
pewdiepie,pewdiepie,computers & gadgets,nan,21.9m,united states,1.2m,1.4m
peytonlist,peyton list,cinema & actors/actresses,nan,19.7m,united states,360k,541.5k
pharrell,ğ’ğğ ğğ… ğ€ ğğ‡ğ€ğ‘ğ€ğğ‡,music,nan,13.5m,united states,126.4k,181.1k
phil.coutinho,philippe coutinho,sports with a ball,nan,24.5m,brazil,456.2k,740.9k
phoebejtonkin,phoebe tonkin,beauty,cinema & actors/actresses,8.2m,united states,236.8k,338.6k
phs1116,ë°•í˜•ì‹ / parkhyungsik,business & careers,nan,9.5m,indonesia,2m,2.6m
playboicarti,nan,music,nan,8m,united states,1.2m,2.1m
playstation,playstation,computers & gadgets,machinery & technologies,28.9m,united states,80.5k,99.3k
pokimanelol,pokimane â¤,lifestyle,shows,6m,united states,526.7k,694.8k
pokrov90,Ğ°Ğ½Ñ Ğ¿Ğ¾ĞºÑ€Ğ¾Ğ² - Ğ°Ğ½Ñ‚Ğ¸Ğ³Ñ€ÑƒÑÑ‚Ğ¸Ğ½ğŸ¥‘â¤ï¸,shows,nan,7.3m,russia,350.3k,408.1k
polo.capalot,polo.gğŸ,music,lifestyle,10.2m,united states,416.9k,685.7k
pooorblack,pooorblack,nan,nan,4m,iran,530k,687.4k
porsche,porsche,cars & motorbikes,nan,26.4m,united states,97.1k,124.4k
postmalone,twelve carat toothache,music,nan,22.3m,united states,407.3k,623.1k
prattprattpratt,chris pratt,cinema & actors/actresses,nan,35.5m,united states,193k,250.9k
premierleague,premier league,sports with a ball,nan,55.4m,united kingdom,49.5k,69.5k
prideofgypsies,jason momoa,cinema & actors/actresses,nan,16.8m,united states,141k,181.3k
prillylatuconsina96,prilly latuconsina,cinema & actors/actresses,music,46.6m,indonesia,56.4k,81.6k
priyankachopra,priyanka,cinema & actors/actresses,nan,75.7m,india,643k,778.2k
psg,paris saint-germain,sports with a ball,nan,58m,brazil,295.8k,495k
pubity,pubity,humor & fun & happiness,nan,31.6m,united states,214.5k,313.3k
pugachevmark,mark pugachev,cars & motorbikes,luxury,10m,russia,358.1k,525.9k
quackity,quackity,nan,nan,3.2m,united states,666.4k,819.1k
quavohuncho,quavohuncho,music,nan,20.8m,united states,103k,170.1k
raashiikhanna,raashii khanna,cinema & actors/actresses,music,8.1m,india,256.6k,305.9k
rachel_mypark,á„‡á…¡á†¨á„†á…µá†«á„‹á…§á†¼ minyoung park,cinema & actors/actresses,nan,9.7m,indonesia,784.6k,977.1k
rachelvennya,rachel vennya roland,kids & toys,family,6.7m,indonesia,176.4k,372.5k
rafaelnadal,rafa nadal,sports with a ball,nan,14m,spain,228.7k,286.3k
rafaeluccman,rafael uccman,lifestyle,modeling,8.6m,brazil,227.1k,472.9k
rafakalimann,rafa kalimann,modeling,nan,22.8m,brazil,90.9k,163.3k
raffinagita1717,raffi ahmad and nagita slavina,shows,nan,60.6m,indonesia,37.4k,52.5k
rahulkl,kl rahulğŸ‘‘,sports with a ball,nan,11.9m,india,676.9k,788.5k
raisa6690,nan,music,nan,30.4m,indonesia,60.6k,94k
rakulpreet,rakul singh,cinema & actors/actresses,modeling,19.2m,india,334.1k,392.5k
ranveersingh,ranveer singh,cinema & actors/actresses,modeling,38.9m,india,314.7k,408.4k
raphaelvarane,raphael varane,sports with a ball,nan,18.4m,spain,200.8k,301.4k
rashmika_mandanna,rashmika mandanna,beauty,art/artists,30m,india,1.7m,2m
ratantata,ratan tata,business & careers,nan,5.9m,india,952.2k,1.1m
rauwalejandro,raâ€™ rauw,music,nan,13.7m,spain,382.4k,553k
realbarbarapalvin,barbara palvin,modeling,fashion,17.5m,russia,480.2k,649k
realhinakhan,hk,cinema & actors/actresses,nan,16.7m,india,189.5k,233.6k
realmadrid,real madrid c.f.,sports with a ball,nan,113m,spain,407.2k,563.1k
realshadmehr,shadmehr aghili,music,nan,7.6m,iran,330.2k,460.8k
realstraykids,stray kids,music,nan,20.1m,indonesia,1.7m,2m
redvelvet.smtown,red velvet official,music,beauty,11.4m,indonesia,327.9k,398.9k
reesewitherspoon,reese witherspoon,cinema & actors/actresses,nan,27.6m,united states,152.5k,183.7k
regejean,regeÌ-jean page,nan,nan,5.5m,brazil,473.6k,750.3k
renebaebae,irene,lifestyle,modeling,9.9m,indonesia,1.4m,1.7m
residente,reneÌ peÌrez joglar,music,nan,8.7m,colombia,480.4k,743.9k
reynmen,reyn,music,cinema & actors/actresses,7m,turkey,418k,531.5k
rezagolzar,mohammad reza golzar,cinema & actors/actresses,nan,11.7m,iran,178.5k,263.1k
riaricis1795,ricis,lifestyle,nan,30.3m,indonesia,868.2k,1.1m
ricky_martin,ricky martin,music,nan,16.7m,argentina,141.2k,190.4k
rishabpant,rishabh pant,sports with a ball,nan,6.1m,india,496.5k,589.6k
riteishd,riteish deshmukh,art/artists,cinema & actors/actresses,13.8m,india,282.2k,328.9k
riyadmahrez26.7,rm26,sports with a ball,nan,8.5m,algeria,333.9k,429.9k
riyaz.14,riyaz aly,lifestyle,art/artists,26.1m,india,399.8k,519.5k
rizkybillar,muhammad rizky billar,shows,beauty,12.6m,indonesia,322.1k,414.8k
rizkyfbian,salah,nan,nan,12.3m,indonesia,133.1k,203.6k
rkive,rm,nan,nan,31.3m,nan,8.6m,8.6m
robertdowneyjr,robert downey jr. official,cinema & actors/actresses,nan,51.9m,india,1.6m,2.1m
roberto_firmino,roberto firmino,sports with a ball,nan,13.2m,brazil,144.6k,214.9k
rockstargames,rockstar games,computers & gadgets,nan,22.3m,united states,108.5k,135.2k
rogerfederer,roger federer,sports with a ball,nan,9.2m,spain,484.7k,627.9k
rohitsharma45,rohit sharma,sports with a ball,lifestyle,23.3m,india,1.1m,1.2m
rohittt_09_,ğ‘ğ¨ğ¡ğ¢ğ­ ğ™ğ¢ğ§ğ£ğ®ğ«ğ¤ğ ~ ğ«ğğšğœğ­ğ¢ğ¨ğ§ğ›ğ¨ğ¢ ğŸ’«,shows,lifestyle,21.2m,india,788.7k,1.1m
romanreigns,joe anoai aka â€œroman reignsâ€,nan,nan,6m,india,383.1k,497.4k
romeosantos,romeo santos,music,nan,19m,united states,225k,277.9k
ronaldinho,ronaldo de assis moreira,sports with a ball,nan,65.1m,brazil,183.8k,317k
rosalia.vt,la rosaliÌa,music,nan,19.5m,spain,737k,967.1k
roses_are_rosie,roseÌ,music,nan,57.5m,indonesia,4.8m,5.5m
ross_lynch,ross shor lynch,music,cinema & actors/actresses,10m,united states,348.3k,695.5k
ruben_onsu,ruben onsu,cinema & actors/actresses,shows,37.9m,indonesia,64.2k,79.5k
rubyrose,ruby rose,modeling,nan,18.8m,united states,171.3k,225.7k
rupertgrint,rupert grint,nan,nan,4.7m,brazil,579k,821.5k
sabrinacarpenter,sabrina carpenter,music,nan,27.1m,brazil,1.1m,1.3m
sachintendulkar,sachin tendulkar,sports with a ball,lifestyle,33.5m,india,333.4k,399.9k
sadiesink_,sadie sink,modeling,lifestyle,15.3m,brazil,1.2m,1.7m
sadiomaneofficiel,sadio mane,sports with a ball,nan,10.4m,united kingdom,350.7k,500.3k
saharghoreyshiofficialpage,Ø³Ø­Ø± Ù‚Ø±ÙŠØ´Ù‰ sahar ghoreyshi,lifestyle,nan,10.7m,iran,193.8k,283.9k
saipallavi.senthamarai,sai pallavi,nan,nan,5.3m,india,819.5k,939.3k
salmahayek,salma hayek pinault,cinema & actors/actresses,nan,20.9m,united states,212.1k,262.5k
samantharuthprabhuoffl,samantha,beauty,modeling,22.9m,india,584.9k,701.5k
samoylovaoxana,samoylova oxana,family,lifestyle,15.2m,russia,897.6k,1.2m
samsmith,sam smith,music,fashion,14.6m,united states,223.9k,328.4k
sanchooo10,jadon sancho,sports with a ball,nan,8.3m,united kingdom,411.4k,719.6k
sandrinna_11,drinna,lifestyle,nan,10.4m,indonesia,252.2k,321.6k
saraalikhan95,sara ali khan,cinema & actors/actresses,nan,39.7m,india,247.9k,302k
sarahhyland,sarah hyland,cinema & actors/actresses,lifestyle,9.1m,united states,223k,278.9k
sarwendah29,sarwendah29,music,lifestyle,30.8m,indonesia,75.4k,89.2k
sav.labrant,savannah rose labrant,family,lifestyle,7m,united states,597.1k,798.4k
saweetie,icy bae ğŸŒ¸âœ¨ğŸŒ±â„ï¸,cinema & actors/actresses,nan,13.1m,united states,144.7k,336.2k
sebastianyatra,sebastian yatra,music,art/artists,29.3m,argentina,219.3k,305.6k
selenagomez,selena gomez,music,lifestyle,308.2m,united states,3.3m,4.4m
sergioramos,sergio ramos,sports with a ball,nan,49.7m,spain,606.9k,930.3k
serna_amini,serna amini,nan,nan,7.6m,iran,1.3m,1.8m
shahidkapoor,shahid kapoor,cinema & actors/actresses,nan,33.5m,india,506.7k,574.1k
shakira,shakira,music,nan,71.9m,india,691.1k,947.2k
shawnmendes,shawn mendes,music,nan,67.4m,brazil,809.3k,1.2m
shaymitchell,shay mitchell,beauty,family,32.6m,united states,304.8k,426.3k
shehnaazgill,shehnaaz gill,cinema & actors/actresses,music,11.3m,india,396.8k,496.3k
shikhardofficial,shikhar dhawan,sports with a ball,nan,10.8m,india,261k,298.4k
shraddhakapoor,shraddha âœ¶,cinema & actors/actresses,nan,70.5m,india,1.1m,1.3m
shreyaghoshal,shreyaghoshal,music,nan,23.7m,india,127.7k,142.5k
shreyas41,shreyas iyer,sports with a ball,lifestyle,5.9m,india,461.7k,575.7k
shxxbi131,b.i,nan,nan,3.7m,indonesia,585.1k,687.3k
sidhu_moosewala,sidhu moosewala (à¨®à©‚à¨¸à©‡ à¨†à¨²à¨¾),nan,nan,6.9m,india,366.6k,445.1k
sidmalhotra,sidharth malhotra,cinema & actors/actresses,modeling,18.7m,india,602.4k,750k
simaria,simaria mendes,music,nan,27.6m,brazil,223.5k,326.2k
simoneses,simone mendes,music,nan,33.7m,brazil,327.8k,412.2k
sinavaliollah,sina valiollah,shows,nan,6.8m,iran,376.4k,474.7k
sincerooficial,sincero oficial,humor & fun & happiness,nan,21.1m,brazil,109.5k,212.6k
sivakarthikeyan,sivakarthikeyan doss,nan,nan,4.5m,india,470.6k,554.6k
skawngur,á„‚á…¡á†·á„Œá…®á„’á…§á†¨,cinema & actors/actresses,nan,17.8m,indonesia,1.8m,2.5m
skuukzky,á„‰á…®á†½á„‹á…µ  ğŸ’„ğŸ’…ğŸ‘¡ğŸ‘ ğŸ€ğŸ‘™ğŸŒ‚ğŸ‘—ğŸŒ‚ğŸ€ğŸ’‹ğŸ’Œ,clothing & outfits,music,17.5m,indonesia,871.4k,1.1m
smriti_mandhana,smriti mandhana,sports with a ball,nan,5.9m,india,550.9k,637.7k
snoopdogg,snoopdogg,lifestyle,music,71.8m,united states,60.9k,85.5k
sofiaalcastro,â™¡sofia castro,shows,cinema & actors/actresses,8.5m,colombia,427.4k,582.7k
sofiavergara,sofia vergara,cinema & actors/actresses,nan,24.8m,united states,109k,143k
sommerray,sommer ray,modeling,nan,26.7m,united states,242.3k,381.3k
somsomi0309,ennik,music,nan,13.9m,indonesia,894.6k,1.1m
sonamkapoor,sonam kapoor ahuja,fashion,modeling,31.9m,india,145.8k,173.5k
songkang_b,á„‰á…©á†¼á„€á…¡á†¼,nan,nan,13.6m,mexico,2m,2.8m
sonu_sood,sonu sood,cinema & actors/actresses,nan,14.1m,india,321.3k,367.6k
soohyun_k216,á„€á…µá†·á„‰á…®á„’á…§á†« kim soo hyun é‡‘ç§€è³¢,nan,nan,13.3m,indonesia,1.3m,1.6m
sooyaaa__,jisooğŸ¤,music,beauty,58.6m,indonesia,4.7m,5.4m
sooyoungchoi,sooyoung choi,beauty,lifestyle,6.9m,indonesia,348.9k,420.7k
sophiedee,sophie dee,adult content,nan,11.6m,united states,186.3k,248k
sophiet,s o p h i e t u r n e r,cinema & actors/actresses,nan,14.9m,united states,515.9k,693.7k
soueunavida,sou eu na vida,humor & fun & happiness,nan,17.5m,brazil,204.6k,389.5k
sound_of_coups,coups,nan,nan,3.3m,indonesia,751.6k,964.1k
soydannyalfaro,danny alfaro,beauty,nan,8m,mexico,329.4k,377.4k
soyneiva,neiva mara,adult content,nan,11.4m,brazil,212.9k,285.9k
spacex,spacex,science,machinery & technologies,13.3m,united states,201k,244.9k
sportscenter,sportscenter,sports with a ball,shows,30m,united states,125.8k,224.2k
ssinz7,ë°•ì‹ í˜œ/shin hye park,music,cinema & actors/actresses,13.5m,indonesia,1.3m,1.6m
staceysolomon,stacey solomon,family,nan,5.1m,united kingdom,409.7k,493.6k
starwars,star wars,cinema & actors/actresses,nan,14.9m,united states,182k,231.4k
staskaranikolaou,anastasia karanikolaou,lifestyle,nan,10.8m,united states,179.4k,264.1k
stephencurry30,wardell curry,sports with a ball,family,41.1m,united states,565.7k,757.6k
sthefanematos,sthe âš“ï¸,lifestyle,nan,9.7m,brazil,256.8k,590.2k
strangerthingstv,stranger things netflix,cinema & actors/actresses,shows,15.6m,brazil,433.2k,579.5k
subo_m,subhan mamedov,shows,nan,9m,russia,294.2k,360.4k
suga_bighitentertainment,suga (á„†á…µá†«á„‹á…²á†«á„€á…µ) updates,lifestyle,nan,7.9m,indonesia,1.2m,1.4m
sunnyleone,sunny leone,beauty,cinema & actors/actresses,51.5m,india,312.8k,421.7k
superstar_dewasi99,superstardewasi 99,nan,nan,8.7m,india,294.7k,466.5k
sureshraina3,suresh raina,modeling,nan,19.1m,india,328.7k,371.3k
sydney_sweeney,sydney sweeney,lifestyle,cinema & actors/actresses,11.8m,united states,1.8m,3.4m
syifahadjureal,syifa hadju,modeling,nan,14.9m,indonesia,295.7k,365k
sza,sza,music,nan,11.6m,united states,748.6k,1.3m
t22felton,tom felton,music,cinema & actors/actresses,11.9m,united states,223.4k,289.4k
taehyung.bighitentertainment,taehyung (ê¹€íƒœí˜•) updates,management & marketing,music,10.3m,indonesia,2m,2.1m
taeoxo_nct,taeyong íƒœìš©,nan,nan,8.8m,indonesia,1.3m,1.8m
taeyeon_ss,taeyeon,music,nan,18.3m,south korea,762k,925.8k
taina,tainaÌ costa,music,nan,15.6m,brazil,478.3k,998.9k
tamannaahspeaks,tamannaah bhatia,music,cinema & actors/actresses,15.9m,india,344.4k,401.9k
tamerhosny,tamer hosny,music,cinema & actors/actresses,22m,egypt,110.5k,134.1k
tatawerneck,tata werneck,cinema & actors/actresses,family,52.1m,brazil,80.8k,123.5k
taylor_hill,taylor hill,art/artists,fashion,18.9m,united states,115.5k,172.9k
taylorswift,taylor swift,music,nan,204.7m,brazil,2.3m,3.1m
tchalamet,timotheÌe chalamet,cinema & actors/actresses,nan,17.5m,united states,2.3m,3.8m
teddysphotos,ed sheeran,music,nan,37.7m,united states,161k,219.8k
tejasswiprakash,tejasswi prakash,beauty,nan,5.5m,india,424.7k,513.4k
tenlee_1001,ten_+â€¢10,music,nan,9.4m,indonesia,1.1m,1.4m
teyanataylor,jimmy neutch- shumpert,music,nan,14.6m,united states,153.9k,261.2k
thariqhalilintar,thoriq halilintar,shows,nan,6.5m,indonesia,476.9k,590.2k
thebursin,kerem buÌˆrsin,cinema & actors/actresses,nan,10.3m,russia,891.2k,1.2m
thedeverakonda,vijay deverakonda,cinema & actors/actresses,nan,14.8m,india,984.9k,1.2m
theellenshow,ellen degeneres,shows,cinema & actors/actresses,116.8m,united states,29.2k,33.3k
theestallion,megan thee stallion,music,nan,28.2m,united states,504k,879.9k
thefatjewish,thefatjewish,humor & fun & happiness,nan,10.1m,united states,186.9k,244.4k
thegirljt,jtğŸ¦‹,music,nan,5.1m,united states,234.4k,641.8k
thehughjackman,nan,cinema & actors/actresses,nan,30.3m,united states,107.1k,122.4k
thenameisyash,yash,cinema & actors/actresses,nan,5.9m,india,813.1k,964.9k
thenewclassic,iggy azalea,music,nan,15.8m,united states,233.6k,378.2k
thenotoriousmma,conor mcgregor official,fitness & gym,nan,45m,united states,435.4k,631.5k
therealcalebmclaughlin,caleb mclaughlin,cinema & actors/actresses,lifestyle,11.1m,brazil,278.7k,398.6k
therealjosephmorgan,joseph morgan,cinema & actors/actresses,lifestyle,7.8m,brazil,411.3k,514.1k
therock,therock,cinema & actors/actresses,fitness & gym,307m,india,303.4k,396k
theshilpashetty,shilpa shetty kundra,cinema & actors/actresses,nan,24.8m,india,107.1k,124k
theweeknd,the weeknd,music,nan,37.5m,united states,725.8k,983.9k
thiagosilva,thiago silva,sports with a ball,nan,18.9m,brazil,122.8k,207.2k
thv,v,nan,nan,38.1m,nan,12.2m,12.2m
tiagopzk,gotti a,music,nan,4.3m,argentina,333.4k,761.6k
tiffanyyoungofficial,tiffany young,modeling,fashion,11.6m,indonesia,240.5k,301.2k
tigerjackieshroff,tiger shroff,cinema & actors/actresses,nan,33.8m,india,331.6k,405k
timatiofficial,13,music,fitness & gym,18m,russia,151.2k,202.4k
tinistoessel,tini,music,nan,17.4m,argentina,631.4k,844.7k
todayis_wendy,wendy,nan,nan,6.3m,indonesia,1.1m,1.3m
tombrady,tom brady,sports with a ball,nan,11.8m,united states,458.6k,847.9k
tomcruise,tom cruise,cinema & actors/actresses,nan,6.2m,india,465k,645.7k
tommyinnit,tommyinnit,lifestyle,nan,3.6m,france,724.8k,817.4k
toni.kr8s,toni kroos,sports with a ball,nan,31.9m,germany,178.8k,244.1k
travisscott,flame,music,nan,44.8m,united states,1.4m,2.1m
trentarnold66,trent alexander-arnold,lifestyle,sports with a ball,6.6m,united kingdom,298.9k,438.3k
trippieredd,555,music,nan,12.8m,united states,530.7k,1m
troyesivan,troye sivan,art/artists,fashion,12.6m,united states,157.2k,225.6k
trueno,tr1 â›ˆ,music,nan,6.7m,argentina,479.2k,745.7k
twicetagram,twice,music,modeling,24.6m,indonesia,1.3m,1.6m
txt_bighit,tomorrow x together official,nan,nan,11.7m,indonesia,637.8k,804.9k
tyga,t-raww,music,nan,32.4m,united states,689.2k,1m
tylerrjoseph,tyler jÃ¸seph,music,art/artists,5.5m,united states,628.2k,941.3k
uarmyhope,jhope,nan,nan,32.2m,south korea,8m,8m
urassayas,urassaya sperbund,cinema & actors/actresses,modeling,11.4m,thailand,181.6k,220.8k
urstrulymahesh,mahesh babu,cinema & actors/actresses,nan,8.1m,india,527.5k,580.4k
ursulolita,uÌrsula corberoÌ âœ¨,cinema & actors/actresses,modeling,24.6m,brazil,2m,2.9m
urvashirautela,urvashi rautela ğŸ‡®ğŸ‡³,cinema & actors/actresses,nan,46.4m,india,193.4k,229.9k
valentinazenere,valentina zenere,modeling,lifestyle,8.5m,brazil,259k,315.4k
valeyellow46,valentino rossi,racing sports,nan,13.3m,indonesia,310.5k,405.3k
vancityreynolds,ryan reynolds,cinema & actors/actresses,nan,42.4m,united states,325.2k,422.4k
vanessahudgens,ğŸ”®vanessa hudgensğŸ”®,cinema & actors/actresses,nan,44.8m,united states,161.1k,262.3k
vanessalopesr_,vanessa lopes,lifestyle,nan,10.6m,brazil,171.9k,559.7k
vanessamorgan,vanessa morgan,music,cinema & actors/actresses,9.4m,united states,422.3k,600.5k
varundvn,varundhawan,cinema & actors/actresses,nan,40.9m,india,403.4k,492.3k
veradijkmans,dutchğŸ‡³ğŸ‡±,adult content,nan,5.1m,united states,390.3k,548.6k
vickykaushal09,vicky kaushal,cinema & actors/actresses,nan,13.2m,india,1.3m,1.5m
victoriajustice,victoria justice,music,cinema & actors/actresses,21.8m,united states,226.2k,309.8k
viihtube,viih tube,cinema & actors/actresses,nan,22.9m,brazil,148k,279.9k
vindiesel,vin diesel,cinema & actors/actresses,nan,79m,brazil,440.5k,568.5k
vinijr,vinicius jr. âš¡ï¸ğŸ‡§ğŸ‡·,sports with a ball,nan,15.8m,brazil,909.4k,1.5m
vinniehacker,â€ ,lifestyle,nan,5.6m,united states,687k,1.4m
violets.tv,violet summers,adult content,nan,13.5m,italy,221.3k,303.5k
virat.kohli,virat kohli,sports with a ball,nan,188.1m,india,3.1m,3.4m
virgilvandijk,virgil van dijk,sports with a ball,nan,11.5m,united kingdom,235.4k,333.6k
virginia,virginia fonseca costa,shows,lifestyle,35.8m,brazil,1.4m,2.1m
vivi,vivi wanderley,beauty,lifestyle,13.1m,brazil,200k,328.4k
vousmevoyez,krystal,music,cinema & actors/actresses,10.1m,indonesia,366.6k,475.8k
warriors,golden state warriors,lifestyle,sports with a ball,22.2m,united states,81.7k,112.8k
watanabenaomi703,æ¸¡è¾ºç›´ç¾ã€€naomi watanabe,cinema & actors/actresses,humor & fun & happiness,9.7m,japan,339k,361k
waynerooney,wayne rooney,sports with a ball,lifestyle,15.5m,united kingdom,139.8k,201.4k
wdohwan,ìš°ë„í™˜,cinema & actors/actresses,nan,4.4m,indonesia,504.8k,669k
whinderssonnunes,whindersson nunes,humor & fun & happiness,nan,57.9m,brazil,988.3k,1.5m
wi__wi__wi,á„‹á…±á„’á…¡á„Œá…®á†« wi ha jun,nan,nan,10.2m,south korea,1.1m,1.4m
wilbursoot,wilbur soot,music,nan,3.2m,united states,687.5k,883.1k
willevy,william  levy / actor producer,shows,cinema & actors/actresses,10.2m,brazil,382.9k,514.4k
willsmith,will smith,cinema & actors/actresses,music,62.4m,united states,1.9m,2.4m
willyrex,willyrex,shows,nan,8.6m,spain,324.1k,385.1k
winmetawin,win metawin o.,lifestyle,nan,11.7m,philippines,1.3m,1.5m
wizkidayo,big wizğŸ¦…,music,nan,14.2m,nigeria,243.3k,473.4k
wolfiecindy,cindy kimberly,modeling,lifestyle,6.9m,united states,226.5k,376.7k
wos.ds3,valentiÌn oliva,music,nan,6.3m,argentina,371.2k,567.4k
wwiinn_7,winwin,nan,nan,7m,indonesia,1.3m,1.5m
xavi,xavi hernaÌndez,sports with a ball,nan,8.1m,spain,419.4k,629.1k
xeesoxee,á„’á…¡á†«á„‰á…©á„’á…´,lifestyle,nan,8.9m,indonesia,1.3m,1.7m
xsqueezie,nan,music,lifestyle,7.6m,france,519.4k,607.3k
xuminghao_o,the8 ë””ì—ì‡,music,nan,4.3m,indonesia,615.9k,776.2k
xxxibgdrgn,á„€á…¯á†«á„Œá…µá„‹á…­á†¼(æ¬Šå¿—é¾),photography,fashion,20.6m,indonesia,785.3k,999.1k
xxxtentacion,make out hill,music,nan,20.2m,united states,11.8m,20.8m
yailinlamasviralreal,yailin la mas viral â™‹ï¸ğŸ§¿,nan,nan,4.3m,nan,0,859.6k
yangyang_x2,yangyang á„‹á…£á†¼á„‹á…£á†¼,nan,nan,6.1m,indonesia,863.4k,1.1m
yaocabrera,yao cabrera,nan,nan,12.2m,argentina,256k,556.1k
yasminabdelaziz_,yasmin abdelaziz,cinema & actors/actresses,nan,15.4m,egypt,185.7k,219.9k
yasmine_sabri,yasmine sabri,cinema & actors/actresses,lifestyle,18.4m,egypt,158.4k,222.8k
yastunes,yas,music,nan,8m,iran,644k,894k
yawnzzn,yeonjun,nan,nan,7.4m,nan,0,4.3m
yefersoncossio,yef,lifestyle,nan,8.8m,colombia,257k,376.6k
yejinhand,ì†ì˜ˆì§„,cinema & actors/actresses,nan,6m,indonesia,537.1k,699k
yellow_3to3,ren jun,nan,nan,5.2m,indonesia,1.6m,2m
yerimiese,yeri,lifestyle,nan,10.1m,indonesia,620.3k,768.1k
yihyun_1208,á„Œá…©á„‹á…µá„’á…§á†« cho yihyun,nan,nan,5.4m,south korea,1.3m,1.6m
ykaaar,damiano david/maÌŠneskin,nan,nan,5.1m,italy,968.1k,1.3m
yoona__lim,nan,cinema & actors/actresses,nan,13.2m,indonesia,571.6k,683.2k
yooncy1,ìœ¤ì°¬ì˜ yoon chanyoung,nan,nan,4.9m,south korea,1.1m,1.3m
youngdae0302,á„€á…µá†·á„‹á…§á†¼á„ƒá…¢,music,nan,3.8m,indonesia,561.4k,741.4k
yugyeom,kyum,music,art/artists,10.8m,thailand,634.2k,821.7k
yungmiami305,caresha ..ğŸ’—ğŸ’‹,lifestyle,nan,5.3m,united states,184.6k,547.8k
yuu_taa_1026,yuta æ‚ å¤ª,nan,nan,7.9m,indonesia,1m,1.3m
yuyacst,ğ“¨ğ’–ğ’šğ’‚,modeling,nan,17.1m,mexico,389.8k,598.2k
yuzi_chahal23,yuzvendra chahal,lifestyle,sports with a ball,7.5m,india,311.5k,379.5k
zacefron,zac efron,cinema & actors/actresses,nan,52.1m,united states,598.7k,869.3k
zachking,zach king,shows,humor & fun & happiness,24.5m,indonesia,413.9k,637.7k
zayn,zayn malik,music,nan,44.9m,india,3.7m,5.8m
zefelipecantor,zeÌ,music,nan,23.1m,brazil,278.1k,487.8k
zelenskiy_official,Ğ²Ğ¾Ğ»Ğ¾Ğ´Ğ¸Ğ¼Ğ¸Ñ€ Ğ·ĞµĞ»ĞµĞ½ÑÑŒĞºĞ¸Ğ¹,cinema & actors/actresses,business & careers,16.4m,ukraine,174k,208.1k
zendaya,zendaya,cinema & actors/actresses,fashion,136.1m,united states,6.4m,8.6m
zidane,zidane,sports with a ball,nan,31.2m,spain,546k,744.1k
zkdlin,kai,music,nan,13.9m,indonesia,1.3m,1.6m
zoeisabellakravitz,zoeÌˆ kravitz,cinema & actors/actresses,nan,8.2m,united states,583k,885.5k
zoesugg,zoeÌˆ sugg,lifestyle,business & careers,9.4m,united kingdom,208.7k,289.3k
