youtuber name,channel name,category,followers,audience country,views(avg.),likes(avg.),comments(avg.)
tseries,t-series,music & dance,212.1m,india,323.7k,9.8k,290
checkgate,cocomelon - nursery rhymes,education,132.1m,nan,13.8m,80.9k,nan
setindia,set india,nan,130.4m,india,23.6k,314,21
pewdiepie,pewdiepie,animation,111.4m,united states,1.4m,80.8k,4.6k
mrbeast6000,mrbeast,video games,92.5m,united states,30.6m,1.7m,67.7k
✿ kids diana show,✿ kids diana show,animation,92.4m,nan,10.6m,46.8k,nan
like nastya,like nastya,animation,90.1m,nan,13.7m,74.2k,nan
wwefannation,wwe,video games,86.9m,united states,76.6k,2.8k,163
zeemusiccompany,zee music company,music & dance,82.7m,india,108.7k,4.2k,155
vlad and niki,vlad and niki,toys,80.4m,nan,7m,42.2k,nan
5-minute crafts,5-minute crafts,nan,76.2m,united states,255.6k,2.1k,68
kidrauhl,justin bieber,music & dance,68.1m,united states,2.7m,162.7k,7.9k
goldminestelefilms,goldmines,nan,67.9m,india,107.1k,1k,39
canalkondzilla,canal kondzilla,music & dance,65.5m,brazil,36.8k,2.3k,153
bangtantv,bangtantv,music & dance,65m,united states,2.8m,598.9k,14.2k
sabtv,sony sab,movies,64.9m,india,46.5k,899,27
ibighit,hybe labels,music & dance,64.7m,united states,401.7k,62.3k,2.6k
zeetv,zee tv,nan,61.5m,india,146.2k,1.8k,17
filmigaane,shemaroo filmi gaane,music & dance,59.2m,india,64.5k,631,33
corycotton,dude perfect,video games,57.4m,united states,10.3m,375.7k,9.1k
smartbooksmedia,pinkfong baby shark - kids' songs & stories,animation,56.6m,nan,412k,1.4k,nan
chuchu tv nursery rhymes & kids songs,chuchu tv nursery rhymes & kids songs,education,55.2m,nan,498.7k,5.4k,nan
marshmello,marshmello,music & dance,55m,united states,636k,47.4k,4.9k
bhojpuriwave,wave music,music & dance,51.5m,india,85.8k,1.4k,155
colorstv,colors tv,nan,51.2m,india,20.2k,290,8
aajtaktv,aaj tak,news & politics,50.9m,india,8.9k,128,10
sonymusicindiasme,sony music india,music & dance,50.3m,india,60.2k,2.6k,75
tipsmusic,tips official,music & dance,49.9m,india,230.8k,1.8k,85
reinomariaelenawalsh,el reino infantil,music & dance,48.9m,nan,254.4k,1k,nan
loolookids,looloo kids - nursery rhymes and children's songs,music & dance,48.7m,nan,1.7m,7.4k,nan
tseriesbhakti,t-series bhakti sagar,music & dance,48.3m,india,26.4k,1.2k,73
badabun,badabun,nan,45.5m,mexico,4.9k,129,14
juegagerman,juegagerman,animation,45.5m,mexico,1.4m,140.7k,4.8k
yrf,yrf,music & dance,45.3m,india,184.2k,5.5k,104
billie eilish,billie eilish,music & dance,45.1m,united states,1.3m,149.7k,7.2k
felipeneto,felipe neto,nan,44m,brazil,280.6k,34k,245
whinderssonnunes,whinderssonnunes,movies,43.8m,brazil,140.8k,17k,145
bright side,bright side,animation,43.2m,united states,79.7k,1.9k,137
katyperrymusic,katy perry,music & dance,42.6m,united states,151.6k,10.7k,824
vcsabiavideos,você sabia?,nan,42.6m,brazil,987.2k,129k,2.7k
infobellshindirhymes,infobells - hindi,education,42.6m,india,883.3k,4.7k,nan
djwalkzz,alan walker,music & dance,41.6m,united states,146.7k,12.9k,378
sonymusicindiavevo,sonymusicindiavevo,music & dance,41.2m,india,2.3k,136,19
like nastya show,like nastya show,animation,40.8m,nan,723.9k,3.5k,nan
speedrecordss,speed records,music & dance,40m,india,42.3k,1.8k,79
a4,a4,animation,39m,russia,12.3m,650.5k,43.9k
abscbnonline,abs-cbn entertainment,nan,38.8m,philippines,1.7k,26,1
getmovies,get movies,nan,38.7m,nan,542.4k,3k,nan
luisitocomunicaa,luisito comunica,nan,38.4m,mexico,2.4m,74.6k,3.3k
littlebabybum,little baby bum - nursery rhymes & kids songs,education,38.4m,nan,489.4k,1.6k,nan
theellenshow,theellenshow,nan,38.2m,united states,42.1k,944,54
mashamedvedtv,маша и медведь,education,37.4m,nan,1.2m,7.8k,nan
gr6explode,gr6 explode,music & dance,37.2m,brazil,179.6k,11.4k,190
luccasneto,luccas neto - luccas toon,animation,37.1m,brazil,625.7k,13.3k,nan
venus,ishtar music,music & dance,36.5m,india,67.8k,790,59
kimberly loaiza,kimberly loaiza,daily vlogs,36m,mexico,9.2m,646.5k,42.3k
shemarooent,shemaroo,nan,35.8m,india,103.6k,604,18
daddyyankeeofftv,daddy yankee,music & dance,35.8m,argentina,1.7m,174.6k,15.8k
voot kids,voot kids,movies,35.8m,india,2.4m,17.2k,nan
workpointofficial,workpointofficial,nan,35.6m,thailand,10.1k,139,7
toys and colors,toys and colors,toys,35.1m,nan,1.1m,2.9k,nan
shfa,shfa,daily vlogs,34.9m,france,3.6m,52.4k,nan
shfa2 - شفا,shfa2 - شفا,daily vlogs,34.5m,nan,632.1k,4.5k,nan
supersimplesongs,super simple songs - kids songs,music & dance,33.7m,nan,1.7m,3.7k,nan
jkk entertainment,jkk entertainment,nan,33.7m,india,11.3m,103.3k,1.4k
jbalvintube,j balvin,music & dance,33.3m,colombia,0,nan,nan
gmmonetv,one31,nan,33.3m,thailand,7k,133,4
vegetta777,vegetta777,video games,32.9m,mexico,394.2k,31.7k,256
masha and the bear,masha and the bear,animation,32.8m,nan,1.2m,7.5k,nan
youtube,youtube,nan,32.8m,united states,41.5k,2k,nan
goldmines gaane sune ansune,goldmines gaane sune ansune,music & dance,32.7m,india,65.7k,515,22
markipliergame,markiplier,animation,32.5m,united states,3m,165.3k,6k
like nastya esp,like nastya esp,nan,32.3m,nan,418.4k,1.7k,nan
ryan's world,ryan's world,animation,32.1m,nan,975.2k,4.4k,nan
abpnewstv,abp news,news & politics,32.1m,india,2.6k,35,3
nocopyrightsounds,nocopyrightsounds,music & dance,32.1m,united states,535.5k,19.7k,1.2k
desi music factory,desi music factory,music & dance,32.1m,india,10.8m,396.4k,143.6k
geet mp3,geet mp3,music & dance,31.9m,india,381.4k,25.8k,1k
total gaming,total gaming,nan,31.7m,india,1.4m,140k,6.8k
maria clara & jp,maria clara & jp,nan,31.5m,nan,2.8m,22.1k,nan
ultrahindi,ultra bollywood,nan,31.5m,india,88.1k,570,24
tseriesapnapunjab,t-series apna punjab,music & dance,31.3m,india,34.3k,1.4k,64
sssniperwolf,sssniperwolf,humor,31m,united states,4.9m,141.9k,7.3k
mikecrack,mikecrack,animation,30.9m,mexico,3.8m,277.4k,9.6k
genial,genial,animation,30.9m,mexico,74.3k,2.4k,83
khandeshi movies,khandeshi movies,nan,30.9m,india,7.5m,65.8k,931
tv3official,ch3thailand,nan,30.7m,thailand,120.5k,1.4k,33
luis fonsi,luis fonsi,nan,30.5m,united states,37k,2.7k,131
sonypalindia,sony pal,nan,30.5m,india,12.2k,220,17
alltrapnation,trap nation,music & dance,30.5m,united states,129.3k,4.7k,136
indiatv,indiatv,news & politics,30.5m,india,13.6k,219,11
cancionesdelagranja,la granja de zenón,music & dance,30.4m,nan,623.3k,3.1k,nan
erosentertainment,eros now music,nan,30.3m,india,64.1k,1k,31
smtown,smtown,music & dance,30.2m,united states,478k,54.7k,3.2k
mrbean,mr bean,nan,30.1m,india,73.2k,2.2k,69
juptube,galinha pintadinha,music & dance,29.7m,nan,10.6m,43.2k,nan
ricis official,ricis official,music & dance,29.7m,indonesia,782k,51.6k,1.8k
rezendeevil,rezendeevil,video games,29.7m,brazil,230.7k,28.7k,463
ah,ah,music & dance,29.6m,indonesia,1.4m,81.1k,4.4k
spinninrec,spinnin' records,music & dance,29.5m,united states,70.3k,2.5k,71
latenight,the tonight show starring jimmy fallon,music & dance,29.3m,united states,88.8k,2.2k,121
tseriesoldisgold,bollywood classics,music & dance,28.9m,india,44.4k,530,39
rajshri,rajshri,nan,28.8m,india,15.4k,109,6
harpalgeo,har pal geo,nan,28.6m,pakistan,7.3k,67,4
disneymusicvevo,disneymusicvevo,music & dance,28.5m,united states,2.5m,63.2k,2k
ultrarecords,ultra music,music & dance,28.3m,united states,30.6k,1.2k,48
jacksepticeye,jacksepticeye,video games,28.2m,united states,1.9m,127.6k,5.2k
babybus - kids songs and cartoons,babybus - kids songs and cartoons,animation,28.1m,nan,1.1m,4.7k,nan
xoxxxoooxo,the weeknd,music & dance,27.7m,united states,355.6k,25.3k,1.1k
thelatelateshow,the late late show with james corden,animation,27.5m,united states,78.1k,1.6k,112
imaginedragons,imaginedragons,music & dance,27.5m,united states,1.6m,95.8k,3.6k
talkingtomcat,talking tom,nan,27.4m,united states,1.2m,3k,nan
toyoraljanahtv,قناة طيور الجنة | toyoraljanahtv,music & dance,27.3m,nan,143.7k,nan,nan
theofficialpeppa,peppa pig - official channel,toys,26.9m,nan,2m,9k,nan
little angel: nursery rhymes & kids songs,little angel: nursery rhymes & kids songs,toys,26.9m,nan,1.1m,5.1k,nan
ary digital,ary digital,nan,26.9m,pakistan,15.1k,143,5
wwrbhojpuri,worldwide records bhojpuri,music & dance,26.7m,india,119.6k,1.7k,129
songsofindiancinema,saregama music,music & dance,26.6m,india,31.6k,906,79
mrbeast gaming,mrbeast gaming,animation,26.5m,united states,23.3m,732k,44k
wow kidz,wow kidz,animation,26.5m,nan,468.2k,4.3k,nan
thedonato,thedonato,video games,26.5m,mexico,488.1k,56.5k,240
gmanetwork,gmanetwork,nan,26.4m,philippines,10k,249,12
infobellstamil,infobells - tamil,education,26.2m,nan,215k,1.2k,nan
thediamondminecart,dantdm,video games,26.1m,united states,1.3m,59.5k,3.7k
taylorgangent,wiz khalifa,music & dance,26m,united states,0,nan,nan
bounce patrol - kids songs,bounce patrol - kids songs,music & dance,25.8m,nan,2.8m,7.8k,nan
worldstarhiphoptv,worldstarhiphop,music & dance,25.8m,united states,72.7k,2.4k,267
vanossgaming,vanossgaming,animation,25.6m,united states,1.2m,57.5k,624
enchufetv,enchufetv,humor,25.6m,ecuador,960.6k,99.9k,235
infobellstelugu,infobells - telugu,education,25.6m,nan,165.5k,825,nan
lospolinesios,lospolinesios,daily vlogs,25.4m,mexico,620.9k,45.6k,997
powerkids,powerkids,movies,25.3m,india,18.9k,nan,nan
techno gamerz,techno gamerz,nan,25.2m,india,5m,332.9k,25.8k
1million dance studio,1million dance studio,nan,25.2m,india,72.1k,3.8k,57
toycantando,toycantando,music & dance,25m,nan,376.8k,2.3k,nan
smosh,smosh,animation,25m,united states,193.4k,10.8k,382
xskyhellxx,renato garcia,toys,24.8m,brazil,1m,112.2k,1.5k
aboflah,aboflah,animation,24.7m,iraq,0,nan,nan
zeenews,zee news,news & politics,24.5m,india,78.3k,1.3k,80
diana and roma esp,diana and roma esp,animation,24.5m,nan,982.6k,4.4k,nan
watchmojo,watchmojo.com,movies,24.4m,united states,77.7k,2.3k,231
super jojo - nursery rhymes & kids songs,super jojo - nursery rhymes & kids songs,animation,24.4m,nan,1.5m,7.5k,nan
genevieve's playhouse - learning videos for kids,genevieve's playhouse - learning videos for kids,toys,24.4m,nan,236.4k,410,nan
jess no limit,jess no limit,music & dance,24.4m,indonesia,363.2k,15.4k,1.1k
twinbotzvids,lucas and marcus,animation,24.4m,united states,472.4k,20.3k,749
mr. indian hacker,mr. indian hacker,nan,24.3m,india,5.3m,587.7k,18.9k
jypentertainment,jyp entertainment,music & dance,24.2m,united states,2.3m,455.2k,18.4k
las ratitas,las ratitas,toys,24.2m,nan,580.7k,15.5k,nan
james charles,james charles,beauty,24.2m,united states,1m,54.8k,2.2k
davidguettavevo,david guetta,music & dance,24m,brazil,267.4k,8.7k,358
nickelodeonjuniorfr,nick jr.,toys,24m,nan,148.7k,361,nan
व्लाद और निकिता,व्लाद और निकिता,nan,23.8m,nan,2.2m,14k,nan
zhc,zhc,design/art,23.8m,united states,5.2m,195.6k,8.9k
adityamusic,aditya music,music & dance,23.6m,india,49k,1.2k,36
logan paul,logan paul,video games,23.4m,united states,4.3m,76.2k,3.9k
rans entertainment,rans entertainment,music & dance,23.4m,indonesia,755.7k,22.9k,675
newonnetflix,netflix,movies,23.2m,united states,265.2k,5k,325
chloe ting,chloe ting,fitness,23.2m,united states,375.7k,17.3k,783
troom troom,troom troom,toys,23m,united states,339.2k,3.7k,107
masha y el oso,masha y el oso,animation,23m,nan,891.3k,5.8k,nan
raffy tulfo in action,raffy tulfo in action,music & dance,23m,philippines,399.4k,5.8k,773
sesamestreet,sesame street,music & dance,22.8m,nan,237.4k,790,nan
jellyyt,jelly,video games,22.8m,united states,260k,13.2k,450
coldplayvevo,coldplay,music & dance,22.8m,united states,66.2k,6.9k,188
diana and roma hin,diana and roma hin,nan,22.6m,nan,251.1k,1.6k,nan
mister max,mister max,diy & life hacks,22.6m,russia,988.2k,22.4k,879
mildicasdemulher,erlania e valentina pontes,nan,22.5m,brazil,300.1k,5k,nan
vlad và nikita,vlad và nikita,music & dance,22.4m,nan,1.3m,6.7k,nan
drossrotzank,drossrotzank,news & politics,22.4m,mexico,2.1m,151.6k,8.1k
sandeep maheshwari,sandeep maheshwari,daily vlogs,22.4m,india,652.6k,38.8k,2.3k
abp news hindi,abp news hindi,news & politics,22.3m,india,2k,25,6
adityacinema,aditya movies,nan,22.3m,india,113.6k,3.3k,130
goldmines dishoom,goldmines dishoom,nan,22.2m,nan,28.5k,292,nan
thechainsmokers,the chainsmokers,humor,22.2m,united states,62.4k,6.2k,97
netdmuzikk,netd müzik,music & dance,22m,turkey,15.5k,355,59
technical guruji,technical guruji,nan,22m,india,111.4k,9.8k,847
smile family,smile family,animation,21.8m,nan,142.1k,756,nan
gmmgrammyofficial,gmm grammy official,music & dance,21.7m,thailand,2.4k,53,2
anuel aa,anuel aa,music & dance,21.6m,colombia,104.2k,7.4k,373
mmoshaya,mmoshaya,nan,21.6m,saudi arabia,1.8m,35.7k,1.7k
miss katy,miss katy,video games,21.4m,russia,604.8k,11.2k,626
venusmovies,venus movies,nan,21.4m,india,6.3k,64,8
like nastya ae,like nastya ae,nan,21.4m,nan,740.5k,5k,nan
frost diamond,frost diamond,music & dance,21.2m,indonesia,395.1k,21.3k,1.2k
tasty,tasty,food & drinks,21m,united states,251.5k,7.9k,239
whbbp,white hill music,music & dance,21m,india,23.2k,1.2k,89
tedtalksdirector,ted,nan,21m,united states,32.7k,919,72
wb kids,wb kids,movies,21m,nan,68k,659,nan
orugrat,faze rug,video games,20.8m,united states,2.5m,105.9k,5.9k
5-minute crafts diy,5-minute crafts diy,music & dance,20.8m,india,53.4k,648,18
americasgottalent,america's got talent,nan,20.8m,united states,284.3k,5.5k,176
canalcanalha,canalcanalha,sports,20.7m,brazil,1.1m,127.4k,2.1k
hamaarbhojiwood,wave music bhojpuri,music & dance,20.6m,india,8.8k,139,30
peppalatinoamericano,peppa pig español latino - canal oficial,toys,20.6m,nan,734.6k,5.7k,nan
shemaroomovies,shemaroo movies,nan,20.6m,india,21.8k,264,14
babybus - canciones infantiles & cuentos,babybus - canciones infantiles & cuentos,toys,20.6m,nan,330.9k,1.9k,nan
goldmines bollywood,goldmines bollywood,nan,20.6m,india,32.6k,173,9
diana and roma ara,diana and roma ara,nan,20.6m,nan,1.8m,12.8k,nan
the lallantop,the lallantop,news & politics,20.5m,india,12.9k,313,50
fgteev,fgteev,animation,20.4m,united states,2.1m,23.5k,2.1k
buzzfeedvideo,buzzfeedvideo,daily vlogs,20.4m,united states,56k,1.4k,148
baim paula,baim paula,music & dance,20.4m,indonesia,1.1m,49.8k,1.9k
ssundee,ssundee,video games,20.4m,united states,3m,141.2k,4.6k
like nastya prt,like nastya prt,nan,20.4m,nan,670.3k,3.4k,nan
authenticgames,authenticgames,video games,20.2m,brazil,64.8k,6.1k,229
thefinebros,react,humor,20.2m,united states,89.5k,3k,382
crazy xyz,crazy xyz,nan,20.2m,india,5.6m,498.5k,14.6k
vevo,vevo,music & dance,20m,united states,85.6k,804,36
disneychannella,disney latinoamérica,nan,20m,nan,46.7k,348,nan
goldmineshindi,goldmines movies,nan,20m,india,8.2k,65,3
penindiapvtlimited,pen movies,nan,20m,india,271k,7.6k,285
haertetest,haertetest,nan,20m,india,28k,213,24
slivkichanel,slivkishow,diy & life hacks,19.8m,russia,2.8m,295k,55.3k
5-minute crafts play,5-minute crafts play,nan,19.8m,india,35.4k,258,15
lazarbeam,lazarbeam,video games,19.8m,united states,4.2m,160k,5.9k
kids tv - nursery rhymes and baby songs,kids tv - nursery rhymes and baby songs,animation,19.8m,nan,174.2k,320,nan
nationalgeographic,national geographic,nan,19.8m,united states,45.8k,1.1k,74
brave wilderness,brave wilderness,nan,19.8m,united states,400.6k,12.1k,735
beckygofficial,becky g,music & dance,19.8m,united states,57.5k,5k,126
goldmines cineplex,goldmines cineplex,nan,19.8m,india,15.7k,132,4
newafi2013,indosiar visual mandiri,music & dance,19.6m,indonesia,15.7k,264,22
rossbollinger,pencilmation,animation,19.6m,united states,390.9k,3.4k,96
humnetwork,hum tv,nan,19.4m,pakistan,3k,21,2
prestonplayz,preston,animation,19.4m,united states,2.8m,68.6k,3.6k
mnet,mnet k-pop,music & dance,19.4m,united states,31.1k,2.6k,112
charliesvlogs,charlie puth,music & dance,19.2m,united states,464.7k,34k,802
totoy kids - português,totoy kids - português,toys,19.2m,brazil,207.4k,1.5k,nan
gooodlifefilms,lyrical lemonade,nan,19.2m,united states,335.8k,60.7k,5.7k
rotanaaudio,rotana,music & dance,19.2m,saudi arabia,1.3m,22k,533
crafty panda,crafty panda,music & dance,19.1m,india,75k,540,15
noor stars,noor stars,music & dance,19.1m,iraq,2m,161.3k,12.1k
dls news,dls news,news & politics,19m,india,74.3k,2.5k,146
troom troom es,troom troom es,toys,19m,mexico,120.5k,2.7k,58
starplus,starplus,nan,19m,india,348.7k,8.3k,68
the ace family,the ace family,humor,19m,united states,1.4m,73.8k,3.6k
toyorbabytv,toyorbabytv,music & dance,18.8m,nan,100.9k,nan,nan
gordonramsay,gordon ramsay,food & drinks,18.8m,united states,218.1k,7.2k,338
gottalentglobal,got talent global,nan,18.8m,united states,48.3k,751,63
telenovelatelevisa,tlnovelas,asmr,18.8m,mexico,26.8k,310,13
infinite,infinite,video games,18.8m,united states,528.7k,24.3k,1.9k
mrvivekbindra,dr. vivek bindra: motivational speaker,education,18.8m,india,290k,18.2k,222
thewillyrex,thewillyrex,video games,18.6m,spain,35.1k,2.4k,nan
ultramovieparlour,ultra movie parlour,nan,18.6m,india,194.8k,1.2k,31
fatosdesconhecidos,fatos desconhecidos,science & technology,18.6m,brazil,242.1k,23.1k,636
theenaldinho,enaldinho,nan,18.5m,brazil,365.9k,28.2k,518
vlad and niki arabic,vlad and niki arabic,nan,18.4m,nan,2.6m,18.7k,nan
officialclashofclans,clash of clans,news & politics,18.4m,united states,485.9k,16.1k,280
jimmykimmellive,jimmy kimmel live,movies,18.4m,united states,202.9k,4.9k,288
marvel,marvel entertainment,movies,18.4m,united states,347.2k,26.3k,1k
robinhoodgamer1,robin hood gamer,animation,18.4m,brazil,1.3m,59k,1.1k
unbox therapy,unbox therapy,science & technology,18.2m,united states,1.3m,17.7k,2k
nba,nba,sports,18.2m,united states,49.4k,1.6k,92
kurzgesagt,kurzgesagt – in a nutshell,education,18.2m,united states,7.7m,354.7k,15.7k
trt originals urdu,trt originals urdu,nan,18.2m,pakistan,387.9k,17.1k,747
ckn,ckn,video games,18.2m,nan,214.3k,1.6k,nan
gmapublicaffairs,gma public affairs,news & politics,18.1m,philippines,10.6k,131,10
corbuzierprediction,deddy corbuzier,nan,18.1m,indonesia,3m,66.3k,6.8k
eva bravo play,eva bravo play,nan,18.1m,nan,323.9k,2.6k,nan
★ kids roma show,★ kids roma show,animation,18m,nan,1.1m,10.2k,nan
shfa show india,shfa show india,daily vlogs,18m,nan,3.3m,19k,nan
мирошка тв,мирошка тв,nan,18m,russia,15.4k,67,nan
sonotekvideo,sonotek,music & dance,18m,india,34.1k,1.2k,127
greengoldtv,green gold tv - official channel,nan,18m,nan,305.5k,2.5k,nan
kinder spielzeug kanal,kinder spielzeug kanal,animation,18m,nan,168.8k,1k,nan
gen halilintar,gen halilintar,music & dance,18m,indonesia,747.5k,39.9k,726
incrível,incrível,animation,17.8m,brazil,32.5k,1.8k,47
turmadamonicatv,turma da mônica,animation,17.8m,nan,180.9k,1.8k,nan
danielsaboya,dan-sa / daniel saboya,music & dance,17.8m,brazil,33.9k,1.6k,20
britainsgottalent09,britain's got talent,music & dance,17.8m,nan,122.9k,939,nan
kbsworld,kbs world tv,nan,17.8m,philippines,6.3k,211,9
theodd1sout,theodd1sout,animation,17.7m,united states,0,nan,nan
ninja kidz tv,ninja kidz tv,video games,17.6m,united states,2.5m,22.4k,1.1k
brent rivera,brent rivera,animation,17.6m,united states,3.9m,281.5k,11.5k
pinkpanther,official pink panther,nan,17.6m,nan,716.6k,5.9k,nan
facttechz,facttechz,nan,17.5m,india,791.1k,66.9k,1.9k
like nastya vlog,like nastya vlog,daily vlogs,17.5m,nan,752.2k,2.7k,nan
thegrefg,thegrefg,animation,17.5m,spain,1.4m,97k,1.5k
sockeyemedia,mother goose club playhouse,music & dance,17.5m,nan,80.2k,149,nan
matroix,ali-a,video games,17.5m,united states,691.2k,20.1k,847
himan,himan,video games,17.5m,russia,1.2m,102.3k,351
rhettandlink2,good mythical morning,food & drinks,17.5m,united states,1.3m,40.2k,1.4k
cookieswirlc,cookieswirlc,video games,17.5m,united states,411.8k,4.7k,842
eltrollino,eltrollino,animation,17.5m,mexico,3.3m,101k,2.5k
naisa alifia yuriza (n.a.y),naisa alifia yuriza (n.a.y),music & dance,17.5m,indonesia,504.7k,19.9k,757
eeoneguy,eeoneguy,nan,17.5m,russia,794k,47k,5.6k
stubborn facts,stubborn facts,nan,17.3m,india,97k,3k,127
theelenaya,diana and roma en,animation,17.3m,nan,607k,2.3k,nan
miawaug,miawaug,video games,17.3m,indonesia,1.3m,67.3k,4.9k
rsiammusic,rsiammusic : อาร์สยาม,music & dance,17.3m,thailand,8.4k,306,10
emiway bantai,emiway bantai,music & dance,17.3m,india,864.4k,106.6k,7.3k
netflix india,netflix india,asmr,17.3m,india,61.9k,2.8k,72
farrukotv,farruko,music & dance,17.3m,united states,493.2k,22.3k,807
dj47maryn,marmok,video games,17.3m,russia,3.8m,437.5k,15.1k
portadosfundos,porta dos fundos,movies,17.3m,brazil,639.8k,62.8k,808
babybus - cerita & lagu anak-anak,babybus - cerita & lagu anak-anak,toys,17.1m,nan,926.4k,5.7k,nan
willyrex,willyrex,video games,17.1m,mexico,147.5k,10k,96
sctvindonesia,surya citra televisi,music & dance,17.1m,indonesia,23.6k,433,39
sebastianyatra,sebastián yatra,music & dance,17.1m,colombia,1.8m,55.5k,1.2k
little angel español - canciones infantiles,little angel español - canciones infantiles,animation,17.1m,nan,1.2m,7.5k,nan
thepoznavatel,познаватель,toys,16.9m,russia,3.4m,92.3k,3.2k
a_s gaming,a_s gaming,nan,16.9m,india,1.1m,102.3k,2.1k
robleisiutu,robleisiutu,animation,16.9m,argentina,1.2m,79.3k,2.3k
guava juice,guava juice,nan,16.9m,united states,73.6k,2.1k,75
d billions,d billions,nan,16.9m,nan,1.2m,2k,nan
kidstvsongs,doggy doggy cartoons,nan,16.9m,nan,14.6k,172,nan
amoodiesqueezie,squeezie,nan,16.9m,france,5.3m,430.4k,5.4k
vania mania kids,vania mania kids,toys,16.7m,nan,361.7k,2.2k,nan
heidi & zidane बच्चों की कहानियाँ,heidi & zidane बच्चों की कहानियाँ,daily vlogs,16.7m,nan,414.3k,3.1k,nan
the royalty family,the royalty family,humor,16.7m,united states,2.8m,81.7k,10.7k
musicalrmastv,الـريماس - al-remas,music & dance,16.7m,iraq,66.5k,3.3k,166
masha e o urso,masha e o urso,nan,16.7m,nan,346.3k,2.8k,nan
grammygoldofficia,grammy gold official,music & dance,16.7m,thailand,12.1k,198,19
ignentertainment,ign,movies,16.5m,united states,65.8k,1.5k,150
sun tv,sun tv,nan,16.5m,india,92.1k,1.6k,32
tededucation,ted-ed,science & technology,16.5m,united states,330.2k,15.1k,633
jasonderulo,jason derulo,music & dance,16.5m,united states,73.9k,5.2k,81
tu cosmopolis,tu cosmopolis,daily vlogs,16.5m,mexico,211.1k,17.1k,1.2k
jquintanac5,detoxomoroxo,movies,16.5m,mexico,835.1k,37.5k,10.6k
lankybox,lankybox,video games,16.5m,united states,1.1m,15.2k,500
beast reacts,beast reacts,nan,16.4m,united states,10.3m,345.4k,9.1k
etvteluguindia,etvteluguindia,nan,16.4m,india,35.1k,305,nan
arabgamesnetwork,شبكة العاب العرب | arab games network,nan,16.4m,algeria,318.3k,28.9k,1.1k
invictorgs3,invictor,video games,16.4m,mexico,2.9m,97.4k,2.2k
vlad and niki idn,vlad and niki idn,music & dance,16.3m,nan,469.2k,2.5k,nan
starvijay,vijay television,nan,16.3m,india,358.5k,8.3k,111
thebrianmaps,thebrianmaps,video games,16.3m,russia,2.6m,314.6k,12.7k
rafa & luiz,rafa & luiz,video games,16.3m,brazil,579.7k,39.2k,1.4k
ideas en 5 minutos,ideas en 5 minutos,nan,16.3m,mexico,28.9k,474,13
super slick slime sam,super slick slime sam,diy & life hacks,16.2m,mexico,228.2k,7.3k,268
jane asmr 제인,jane asmr 제인,daily vlogs,16.1m,united states,438.7k,8.6k,498
anittaoficial,anitta,music & dance,16.1m,brazil,316.4k,12.3k,488
jeffreestar,jeffreestar,beauty,16.1m,united states,878.5k,36.7k,3.2k
canal in,canal in,toys,16.1m,brazil,26.2k,1.6k,16
sandra cires art,sandra cires art,nan,16.1m,colombia,1.4m,76k,3.6k
iberethenorio,manual do mundo,science & technology,16.1m,brazil,488.8k,69.8k,740
antrax,antrax,video games,16.1m,mexico,935.8k,88.1k,543
zbingzbing,zbing z.,animation,15.9m,thailand,657.3k,26.3k,1.1k
kiddiestv hindi - nursery rhymes & kids songs,kiddiestv hindi - nursery rhymes & kids songs,education,15.9m,united states,67.3k,507,nan
littlemixmusic,little mix,music & dance,15.9m,united states,104.2k,10k,160
prajapati news,prajapati news,nan,15.8m,india,46.3k,2.1k,95
kaykai salaider,kaykai salaider,movies,15.7m,thailand,1.4m,104k,8.2k
kids play,kids play,nan,15.7m,nan,120.2k,957,nan
boyceavenue,boyce avenue,music & dance,15.7m,brazil,338.5k,8k,355
failarmy,failarmy,animation,15.7m,united states,2.2m,19.9k,642
apple,apple,nan,15.7m,nan,4.3m,35k,nan
dopelyrics,dopelyrics,music & dance,15.7m,united states,31.7k,615,50
dudu e carol,dudu e carol,toys,15.7m,brazil,1.4m,65.9k,142
queenofficial,queen official,music & dance,15.7m,united states,123.3k,4.2k,491
movieclipstrailers,movieclips trailers,movies,15.7m,united states,58.2k,903,74
matthewpatrick13,the game theorists,science & technology,15.7m,united states,3.1m,163.8k,8.2k
lescopaque,les' copaque production,nan,15.6m,indonesia,350.1k,7.7k,99
khan gs research centre,khan gs research centre,education,15.6m,india,9.1m,641.5k,44.7k
transtvofficial,trans tv official,music & dance,15.5m,indonesia,373,5,nan
sonymusicsouthvevo,sonymusicsouthvevo,music & dance,15.5m,india,110.2k,4.1k,40
romanatwoodvlogs,roman atwood vlogs,humor,15.5m,united states,677.4k,33.8k,1.2k
marquesbrownlee,marques brownlee,science & technology,15.5m,united states,2.9m,119.2k,6.5k
village cooking channel,village cooking channel,nan,15.5m,india,8.2m,254.8k,4.5k
vice,vice,news & politics,15.5m,united states,257.5k,5.6k,767
aayu and pihu show,aayu and pihu show,movies,15.5m,india,4.3m,111.3k,7.7k
हिंदी - genevieve's playhouse,हिंदी - genevieve's playhouse,education,15.5m,nan,1.1m,9.4k,nan
kids channel india - hindi rhymes and baby songs,kids channel india - hindi rhymes and baby songs,music & dance,15.5m,nan,114.4k,731,nan
tanboy kun,tanboy kun,music & dance,15.4m,indonesia,2.2m,56.8k,2k
el reino a jugar,el reino a jugar,toys,15.4m,nan,317.3k,1.2k,nan
triggered insaan,triggered insaan,humor,15.4m,india,6.4m,800.9k,26.5k
monstafluffmusictv,7clouds,music & dance,15.3m,united states,185.4k,3k,140
dyland pros,dyland pros,music & dance,15.3m,indonesia,92.1k,7.7k,448
camila cabello,camila cabello,music & dance,15.3m,united states,109.4k,14.2k,146
jenniferlopez,jennifer lopez,fashion,15.3m,united states,401.9k,12.1k,1.2k
megatoadstonie,matt stonie,food & drinks,15.3m,united states,0,nan,nan
adme.ru - сайт о творчестве,adme.ru - сайт о творчестве,animation,15.3m,russia,51.9k,1.5k,83
zappy toons - hindi nursery rhymes and stories,zappy toons - hindi nursery rhymes and stories,education,15.3m,nan,120.6k,665,nan
blippi - educational videos for kids,blippi - educational videos for kids,education,15.3m,nan,1.2m,4.3k,nan
ivana alawi,ivana alawi,daily vlogs,15.3m,philippines,2.7m,122.6k,11k
oyuncak avı,oyuncak avı,nan,15.3m,nan,126.2k,nan,nan
jason vlogs,jason vlogs,toys,15.3m,nan,273.1k,1.6k,nan
portalfitdance,fitdance,music & dance,15.1m,brazil,46.3k,1.3k,23
kerajinan 5-menit,kerajinan 5-menit,music & dance,15.1m,indonesia,20.8k,221,10
therichest,therichest,news & politics,15.1m,united states,17.3k,588,45
goldmines great indian comedy,goldmines great indian comedy,nan,15.1m,india,11.4k,122,6
popchartbusters,pop chartbusters,music & dance,15.1m,india,20.2k,366,21
ogatogalactico,gato galactico | galáxia,toys,15.1m,brazil,79.6k,4.7k,106
wifistudy,wifistudy,education,15m,india,7.4k,645,15
ntvru,нтв,news & politics,15m,russia,82.3k,901,216
dhar mann,dhar mann,health & self help,15m,united states,6.2m,140.9k,6.3k
حِرف إبداعية في 5 دقائق,حِرف إبداعية في 5 دقائق,nan,14.9m,egypt,22.6k,386,23
ksiolajidebthd,jj olatunji,animation,14.9m,united states,4.8m,429.5k,9.6k
kwebbelkop,kwebbelkop,animation,14.9m,united states,218.8k,17.5k,882
rcti - layar drama indonesia,rcti - layar drama indonesia,music & dance,14.9m,indonesia,26.1k,455,23
junya official channel,junya official channel,nan,14.9m,japan,407.2k,2k,43
makeuplocalypse,mariale,nan,14.9m,mexico,241.3k,13.5k,475
ranziscool,ranz kyle,humor,14.9m,philippines,362.3k,15k,507
makiman131,makiman131,video games,14.9m,spain,393.8k,25.4k,795
lachlan,lachlan,video games,14.9m,united states,864.6k,34.6k,935
ideias incríveis,ideias incríveis,nan,14.7m,brazil,15.4k,331,9
iisuperwomanii,lilly singh,animation,14.7m,united states,94.8k,6.6k,103
talkingfriends,talking tom & friends,animation,14.7m,united states,445.8k,4.3k,nan
canaltabombando,legenda funk,music & dance,14.7m,brazil,9.3k,529,22
planeta das gêmeas,planeta das gêmeas,toys,14.7m,brazil,531.2k,23.2k,22
dave and ava - nursery rhymes and baby songs,dave and ava - nursery rhymes and baby songs,education,14.7m,nan,449.1k,1.9k,nan
5-minute crafts family,5-minute crafts family,nan,14.6m,united states,21.5k,242,12
sony aath,sony aath,nan,14.6m,bangladesh,138k,3.2k,114
amarintv : อมรินทร์ทีวี,amarintv : อมรินทร์ทีวี,news & politics,14.6m,thailand,13.1k,148,21
super polina,super polina,nan,14.6m,nan,40.2k,211,nan
lokesh gamer,lokesh gamer,nan,14.5m,india,657.3k,85.7k,3.2k
news24page,news24,news & politics,14.5m,india,9.5k,186,19
niana guerrero,niana guerrero,music & dance,14.5m,philippines,732.4k,41k,1.6k
sribalajimovies,sribalajimovies,nan,14.5m,india,83.5k,2.2k,8
drawblogs,drawblogs,movies,14.5m,mexico,0,nan,nan
sidemen,sidemen,video games,14.5m,united kingdom,5.9m,276.4k,9.5k
zncoficial,zé neto e cristiano,music & dance,14.5m,brazil,5.3m,44k,643
super senya,super senya,animation,14.5m,nan,30.5k,152,nan
newvolgavideo,volga video,nan,14.5m,india,2.9k,18,1
rkddigital,rkd studios,movies,14.5m,india,42.6k,870,39
hejproducao,henrique e juliano,music & dance,14.5m,brazil,96.8k,4.1k,75
mattybraps,mattybraps,music & dance,14.5m,united states,512.6k,8k,413
collegehumor,collegehumor,humor,14.5m,united states,194.6k,8.4k,360
popskids,pops kids,animation,14.5m,poland,15.9k,61,nan
la rosa de guadalupe,la rosa de guadalupe,animation,14.5m,mexico,361k,3.2k,81
حقائق وأسرار,حقائق وأسرار,nan,14.5m,egypt,26k,1.4k,89
linustechtips,linus tech tips,science & technology,14.5m,united states,1.5m,63.5k,2.5k
t3ddygames,t3ddy,daily vlogs,14.4m,brazil,1.1m,140.1k,5.6k
indiancomedy,shemaroo comedy,nan,14.3m,india,248.3k,2.2k,27
xpresstv,xpresstv,science & technology,14.3m,mexico,1.5m,62.2k,764
harsh beniwal,harsh beniwal,movies,14.3m,india,11.6m,1.3m,55.4k
like nastya idn,like nastya idn,music & dance,14.3m,nan,301.7k,nan,nan
bbtvch7,ch7hd,nan,14.3m,thailand,12.7k,235,4
chadwildclay,chad wild clay,movies,14.3m,united states,2.3m,43.8k,7.4k
itowngameplay,itowngameplay *terror&diversión*,news & politics,14.3m,mexico,131.2k,6.2k,340
martingarrix,martin garrix,music & dance,14.3m,united states,59.6k,1.9k,125
canal nostalgia,canal nostalgia,science & technology,14.3m,brazil,265.1k,36.8k,536
with kids[위드키즈],with kids[위드키즈],nan,14.3m,united states,368.3k,nan,nan
theslowmoguys,the slow mo guys,education,14.3m,united states,1.2m,72.7k,3.2k
lego,lego,design/art,14.3m,united states,21.5k,84,nan
mkmusicnews,mk music,music & dance,14.2m,brazil,53.3k,2.8k,122
daftar populer,daftar populer,news & politics,14.1m,indonesia,139.3k,2.9k,224
mobile legends: bang bang official,mobile legends: bang bang official,movies,14.1m,indonesia,259.3k,2.4k,21
officialtrapcity,trap city,music & dance,14.1m,united states,44.4k,1.8k,77
inventonahoratv,invento na hora,nan,14.1m,brazil,1.2m,152.9k,1.7k
and tv,and tv,nan,14.1m,india,15.2k,276,8
playstation,playstation,nan,14.1m,united states,24.5k,748,89
camilaloures,camila loures,food & drinks,14.1m,brazil,310.4k,28.2k,456
genierock,genierock,music & dance,14.1m,thailand,16.5k,340,20
fede vigevani,fede vigevani,nan,14.1m,mexico,3m,230.2k,9k
it's mamix,it's mamix,diy & life hacks,14.1m,russia,2.8m,276.3k,14.9k
#refugio mental,#refugio mental,nan,14.1m,mexico,745.6k,8.1k,125
gyan gamingㅤ,gyan gamingㅤ,nan,13.9m,india,581.3k,70.9k,1.1k
maha fun tv,maha fun tv,nan,13.9m,india,9.1m,46.8k,946
johny familyshow,johny familyshow,nan,13.9m,nan,170.7k,681,nan
arif muhammad,arif muhammad,music & dance,13.9m,indonesia,3m,93.5k,3.2k
am3nlc,am3nlc,food & drinks,13.9m,brazil,215.9k,24.5k,266
gmmtvspotlike,gmmtv official​​,movies,13.9m,thailand,26.5k,779,29
nikkietutorials,nikkietutorials,design/art,13.9m,united states,821.1k,55.7k,2.6k
masterskayanastroeny,мастерская настроения,nan,13.9m,russia,390.4k,8.2k,203
mramadanofficial,mohamed ramadan i محمد رمضان,music & dance,13.9m,egypt,761.5k,28.2k,1.8k
f2freestylers,f2freestylers - ultimate soccer skills channel,sports,13.9m,united kingdom,208.3k,9.4k,111
bollywoodclassics,bollywood classics,music & dance,13.9m,india,40.4k,329,15
smile family spanish,smile family spanish,animation,13.9m,nan,1.1m,7.6k,nan
wwwengie,wengie,diy & life hacks,13.9m,united states,84.8k,5.7k,170
thairathonline,thairath online,news & politics,13.9m,thailand,25.5k,328,33
sourav joshi vlogs,sourav joshi vlogs,daily vlogs,13.9m,india,6.3m,571.5k,17k
teamfilmsbhojpuri,team films bhojpuri,music & dance,13.8m,india,8.2k,229,46
somoy tv,somoy tv,daily vlogs,13.8m,bangladesh,8.6k,179,15
bbchindi,bbc news hindi,news & politics,13.7m,india,235.7k,nan,336
anasala i أنس و أصالة,anasala i أنس و أصالة,nan,13.7m,egypt,2.8m,189.5k,6.3k
zach choi asmr,zach choi asmr,daily vlogs,13.7m,united states,765.6k,40k,1.3k
maiki021,maiki021,autos & vehicles,13.7m,brazil,38.5k,5.7k,177
bomberball,bie the ska,nan,13.7m,thailand,892.8k,30.9k,713
doc tops,doc tops,news & politics,13.7m,mexico,1.4m,75.7k,2.2k
mispastelitosyoutub,mis pastelitos,food & drinks,13.7m,mexico,2.3m,109.6k,3.6k
ch8vdo,ช่อง8 : thai ch8,nan,13.7m,thailand,6.8k,115,3
трум трум,трум трум,humor,13.7m,russia,450.8k,6.1k,205
vetealaversha,darkar company studios,animation,13.7m,mexico,416.1k,48.8k,678
ndtvindia,ndtv india,news & politics,13.6m,india,20k,605,71
dangmattsmith,dang matt smith,animation,13.5m,united states,287.9k,9.3k,642
o canal do joãozinho - little angel português,o canal do joãozinho - little angel português,animation,13.5m,nan,805.2k,5.7k,nan
zeefilmimusic,zee music classic,music & dance,13.5m,india,27.7k,205,22
kurt hugo schneider,kurt hugo schneider,nan,13.5m,united states,48.8k,2.8k,80
azzyland,azzyland,animation,13.5m,united states,198.5k,7.3k,455
twice,twice,music & dance,13.5m,philippines,793.7k,78.1k,2.6k
the world adventures हिन्दी,the world adventures हिन्दी,daily vlogs,13.5m,india,46.7k,2.5k,60
nehakakkarofficial,neha kakkar,music & dance,13.5m,india,0,nan,nan
zach king,zach king,humor,13.5m,united states,1.2m,82.3k,1k
daily dose of internet,daily dose of internet,animals & pets,13.5m,united states,4.5m,265.1k,8.6k
laharimusic,lahari music | t-series,music & dance,13.5m,india,54.9k,2.1k,56
theabscbnnews,abs-cbn news,news & politics,13.4m,philippines,4.5k,47,6
cnn,cnn,news & politics,13.4m,united states,239.2k,3.1k,2.9k
nobru,nobru,video games,13.3m,brazil,109.7k,12.2k,285
fcbarcelona,fc barcelona,sports,13.3m,india,207.5k,13.2k,356
a2 motivation {arvind arora},a2 motivation {arvind arora},nan,13.3m,india,543.2k,62.5k,531
crashcourse,crashcourse,science & technology,13.3m,united states,47.6k,1.7k,37
ufc,ufc - ultimate fighting championship,sports,13.3m,united states,155.2k,2.9k,347
infobells,infobells,education,13.3m,nan,16.6k,82,nan
pognalishow,дима масленников,video games,13.3m,russia,4.8m,436.9k,14.3k
tazercraft,tazercraft,animation,13.3m,brazil,352.8k,26.8k,532
gallinapintadita,gallina pintadita,animation,13.3m,nan,403.9k,2.3k,nan
elcanaldeplimplim,plim plim - kids songs & episodes - spanish,music & dance,13.3m,nan,831.3k,4.9k,nan
rosannapansino,rosanna pansino,food & drinks,13.3m,united states,206k,8.4k,102
online job,online job,nan,13.3m,india,10.1k,305,51
kuplinov ► play,kuplinov ► play,video games,13.3m,russia,1.2m,67.7k,2.5k
edisonpts,edisonpts,video games,13.3m,russia,2m,153.8k,7.6k
mnctvofficial,mnctv official,music & dance,13.2m,indonesia,4.1k,126,6
totoy kids - español,totoy kids - español,toys,13.1m,nan,165.9k,1k,nan
the labrant fam,the labrant fam,music & dance,13.1m,united states,792.5k,25.7k,nan
bizarrap,bizarrap,music & dance,13.1m,argentina,80.5m,5.6m,313.6k
wow kidz action,wow kidz action,nan,13.1m,nan,1.2m,9.6k,nan
atlanticvideos,atlantic records,music & dance,13.1m,united states,9.6k,325,17
blippi español,blippi español,toys,13.1m,nan,891.8k,3.8k,nan
coryxkenshin,coryxkenshin,video games,13.1m,united states,4.7m,338.8k,20.6k
theradbrad,theradbrad,video games,13.1m,united states,186.4k,8.8k,613
mymissanand,mymissanand,movies,13.1m,india,2.1m,80.9k,1.2k
narins beauty,narins beauty,nan,13.1m,iraq,2.7m,267.2k,8.8k
tv ana emilia,tv ana emilia,fashion,13.1m,mexico,425.6k,14.1k,1.4k
iloveindianmakeup,anaysa,humor,13.1m,india,933.6k,38k,1.4k
auron,auron,video games,13.1m,mexico,2.2m,137.7k,1.7k
unspeakable,unspeakable,video games,13m,united states,1.9m,39.3k,2.2k
narendramodionline,nmf news,news & politics,13m,india,6.2k,123,18
zig & sharko,zig & sharko,nan,12.9m,nan,375.3k,2.6k,nan
the shiny peanut,the shiny peanut,nan,12.9m,indonesia,35.7k,752,48
djzoi0,everson zoio,humor,12.9m,brazil,631k,80.1k,2.8k
fun for kids tv - hindi rhymes,fun for kids tv - hindi rhymes,nan,12.9m,nan,0,nan,nan
50centmusic,50 cent,music & dance,12.9m,united states,100.7k,5.8k,431
news18 india,news18 india,news & politics,12.9m,india,2.7k,51,7
mattsdance,matt steffanina,music & dance,12.9m,united states,124.5k,7.8k,104
saturdaynightlive,saturday night live,movies,12.9m,united states,1.1m,19.2k,858
mrsuicidesheep,mrsuicidesheep,nan,12.9m,united states,94.4k,4k,100
yolo,yolo,nan,12.9m,mexico,267.1k,26.2k,1.9k
mrbeast shorts,mrbeast shorts,daily vlogs,12.9m,united states,0,nan,nan
srtalynav,lyna,animation,12.9m,argentina,737.1k,37.7k,1.7k
mazhavilmanorama,mazhavil manorama,nan,12.8m,india,22.3k,332,10
desi gamers,desi gamers,nan,12.7m,india,727.8k,94.7k,3.8k
challengeacceptedinc,aphmau,animation,12.7m,united states,3.9m,84.6k,4.2k
the q,the q,nan,12.7m,united states,128.6k,4.9k,228
aadishakti films,aadishakti films,music & dance,12.7m,india,39k,1.4k,152
o que não dizer oficial,o que não dizer oficial,nan,12.7m,brazil,113.5k,14.3k,53
skillzaisherebooya,conor maynard,music & dance,12.7m,united states,305.8k,21.4k,578
twentyonepilots,twenty one pilots,music & dance,12.7m,united states,1.7m,153.9k,7.2k
#refúgio mental,#refúgio mental,nan,12.7m,brazil,471.8k,10.3k,87
abcnews,abc news,news & politics,12.7m,united states,12k,191,139
dallmyd,dallmyd,mystery,12.7m,united states,322.7k,12.4k,735
pozzitifonshow,поззи,video games,12.7m,russia,1.4m,87.7k,4.7k
1032010814,tkor,diy & life hacks,12.7m,united states,107.1k,3.8k,256
typicalgamer,typical gamer,video games,12.7m,united states,804.4k,14.3k,474
123 go! spanish,123 go! spanish,toys,12.7m,mexico,888k,11.8k,235
like nastya vnm,like nastya vnm,nan,12.7m,nan,666.4k,nan,nan
health time,health time,daily vlogs,12.6m,india,12.6k,467,16
dangal tv channel,dangal tv channel,nan,12.6m,india,332.4k,2.6k,19
wish 107.5,wish 107.5,music & dance,12.6m,philippines,146.8k,4.4k,372
redetvhdbrasil,redetv,news & politics,12.6m,brazil,2.7k,74,3
nishamadhulika,nisha madhulika,food & drinks,12.5m,india,220.6k,5.2k,934
etv jabardasth,etv jabardasth,nan,12.5m,india,192.6k,2.7k,44
etv jabardasth,etv jabardasth,nan,12.5m,india,192.6k,2.7k,44
canalparafernalha,parafernalha,nan,12.5m,brazil,50.8k,4.4k,49
knowledge tv हिन्दी,knowledge tv हिन्दी,education,12.5m,india,158.7k,9.4k,468
jdcav24,athlean-x™,fitness,12.5m,united states,395.6k,19k,693
musictalentnow,top viral talent,nan,12.5m,united states,19.9k,401,22
vlad and niki ara,vlad and niki ara,nan,12.5m,nan,457.2k,3.8k,nan
react,people vs food,food & drinks,12.5m,united states,464.2k,18k,1k
zeetvtelugu,zee telugu,nan,12.5m,india,128.3k,1.3k,12
prestonplayz,prestonplayz,video games,12.5m,united states,2.1m,48.8k,4k
budi01 gaming,budi01 gaming,video games,12.5m,indonesia,1.1m,91.5k,7.1k
mstrjames,hacksmith industries,diy & life hacks,12.5m,united states,896.7k,46.3k,1.8k
blossom,blossom,nan,12.4m,united states,111k,2.2k,33
jesseandmike,jesseandmike,humor,12.4m,united states,523.8k,6.6k,152
loud,loud,nan,12.3m,brazil,138.5k,15.5k,53
hongyu asmr 홍유,hongyu asmr 홍유,asmr,12.3m,united states,1.3m,15.6k,646
taarak mehta ka ooltah chashmah,taarak mehta ka ooltah chashmah,nan,12.3m,india,701.3k,10.8k,151
htpunjabi,lokdhun punjabi,music & dance,12.3m,india,16.2k,346,8
piuzinho,piuzinho,video games,12.3m,brazil,233.3k,45.8k,625
disneychanneluk,disneychanneluk,nan,12.3m,singapore,0,nan,nan
meghan trainor,meghan trainor,music & dance,12.3m,united states,11.4k,564,35
juliana baltar,juliana baltar,toys,12.3m,brazil,286.6k,18.6k,335
5-minute crafts recycle,5-minute crafts recycle,nan,12.3m,india,102.3k,855,25
أترو/atro,أترو/atro,nan,12.3m,iraq,521k,71.6k,9.9k
alanalan9635,stokes twins,humor,12.3m,united states,9.9m,281.5k,19.4k
bbc,bbc,nan,12.3m,united kingdom,40.7k,673,87
adexeoficial,adexe & nau,music & dance,12.3m,mexico,38.3k,4.4k,367
gymvirtual,gymvirtual,music & dance,12.3m,mexico,76.4k,3.5k,89
einerdtv,ei nerd,movies,12.3m,brazil,265.4k,42.3k,1.2k
alex gonzaga official,alex gonzaga official,music & dance,12.3m,philippines,2.9m,116.6k,2.9k
gibby :),gibby :),daily vlogs,12.3m,mexico,582.6k,28.4k,1.8k
littlebabybumespanol,little baby bum en español,autos & vehicles,12.3m,nan,98.2k,nan,nan
melon city show - برنامج ولاية بطيخ,melon city show - برنامج ولاية بطيخ,nan,12.3m,iraq,405.6k,24.4k,496
troom troom pt,troom troom pt,toys,12.3m,brazil,201.4k,4.7k,58
jake fellman,jake fellman,nan,12.3m,united states,857.6k,36.7k,167
jazzghost1,jazzghost,animation,12.3m,brazil,758.7k,55.9k,2k
like nastya stories,like nastya stories,nan,12.3m,nan,166.2k,1.2k,nan
bela bagunça,bela bagunça,toys,12.3m,brazil,74.8k,4.4k,148
tseriesregional,t-series regional,music & dance,12.1m,india,6.9k,148,18
brawl stars,brawl stars,animation,12.1m,united states,6.4m,181.2k,6.9k
crescendo com luluca,crescendo com luluca,toys,12.1m,brazil,1.3m,52.8k,4.4k
powerfuljre,powerfuljre,daily vlogs,12.1m,united states,498.9k,14.7k,1.8k
bbcnews,bbc news,news & politics,12.1m,united kingdom,236.2k,3.3k,1.8k
justforlaughstv,just for laughs gags,nan,12.1m,india,66.4k,1.2k,46
norman fait des vidéos,norman fait des vidéos,animation,12.1m,france,1.8m,168.2k,6.9k
goldclassics,goldmines premiere,nan,12.1m,nan,9.9k,154,nan
awakeningrecords,awakening music,music & dance,12.1m,indonesia,16.8k,1.2k,60
oficialpeppa,peppa pig em português brasil - canal oficial,toys,12.1m,nan,634.6k,4.1k,nan
zeebangla,zee bangla,nan,12m,india,43.9k,476,7
my family,my family,nan,11.9m,india,1.1m,6.7k,208
kabita's kitchen,kabita's kitchen,nan,11.9m,india,298.8k,7.3k,768
kaka kids tv - nursery rhymes kids animated songs,kaka kids tv - nursery rhymes kids animated songs,nan,11.9m,nan,15.2k,64,nan
eu fico loko,eu fico loko,nan,11.9m,brazil,9.7k,988,11
zeinab harake,zeinab harake,daily vlogs,11.9m,philippines,1.3m,71.2k,1.8k
oreinho,o reino infantil,music & dance,11.9m,nan,109.3k,489,nan
hzhtube kids fun,hzhtube kids fun,toys,11.9m,nan,491.2k,3.1k,nan
husamyk,katakit baby tv,music & dance,11.9m,saudi arabia,179.9k,1.6k,nan
mrgear,mrgear,nan,11.9m,united states,44.7k,587,47
migosatl,migos atl,music & dance,11.9m,united states,3.3m,131k,5.3k
thedanirep,danirep | +6 vídeos diarios de gta 5 online!,animation,11.9m,mexico,349.9k,19.5k,346
colinfurze,colinfurze,diy & life hacks,11.9m,united states,1.1m,36.8k,1.1k
planet earth india,planet earth india,daily vlogs,11.9m,india,459.8k,18.1k,460
karameeshchannel,karameeshchannel,music & dance,11.9m,nan,389.3k,2.9k,nan
raywilliamjohnson,ray william johnson,nan,11.9m,united states,4m,356.5k,1.8k
lulu99,lulu99,nan,11.9m,colombia,591.6k,39.8k,2.8k
dear sir,dear sir,education,11.9m,india,261.4k,15.6k,1.2k
officialjassrecords,jass records,music & dance,11.8m,india,223.8k,3.5k,410
yairauriazul,yair17,nan,11.8m,mexico,324.2k,37.6k,972
disneyjunior,disney junior,music & dance,11.8m,nan,92.5k,270,nan
глент,глент,video games,11.8m,russia,3.3m,281.7k,9.5k
study iq education,study iq education,education,11.7m,india,11.4k,519,12
más skabeche,más skabeche,nan,11.7m,mexico,793.9k,46.9k,945
my mate nate,my mate nate,nan,11.7m,thailand,1.4m,53.8k,2k
frontal gaming,frontal gaming,animation,11.7m,indonesia,490.8k,35.5k,1.8k
blockbuster movies,blockbuster movies,daily vlogs,11.7m,india,118.5k,1.1k,23
jojo tv - hindi stories,jojo tv - hindi stories,nan,11.7m,india,122.2k,833,nan
avrillavigne,avril lavigne,music & dance,11.7m,united states,2.8m,130.4k,6.5k
dani russo tv,dani russo tv,music & dance,11.7m,brazil,10.9k,1.4k,121
wolfoo channel,wolfoo channel,toys,11.7m,nan,1.1m,6.2k,nan
morgenshtern,morgenshtern,humor,11.7m,russia,11m,789.9k,54.8k
rebeccazamolo1,rebecca zamolo,video games,11.7m,united states,2.8m,70.6k,6.9k
ice cream rolls,ice cream rolls,nan,11.7m,united states,50.4k,2.2k,112
tommyinnit,tommyinnit,animation,11.7m,united states,3.4m,294.6k,14.4k
morgz,morgz,video games,11.7m,united states,0,nan,nan
theinfographicsshow,the infographics show,education,11.7m,united states,348.8k,10.3k,764
1veritasium,veritasium,science & technology,11.7m,united states,3.9m,169.3k,7.8k
come play with me,come play with me,toys,11.7m,nan,2.7m,nan,nan
hamaarbhojpuri,t-series hamaar bhojpuri,music & dance,11.7m,india,13.5k,177,17
troom troom india,troom troom india,nan,11.7m,india,452.9k,5.1k,230
yolo aventuras,yolo aventuras,daily vlogs,11.6m,colombia,838.4k,74.9k,7k
thedodosite,the dodo,animals & pets,11.6m,united states,608.9k,22.9k,812
panda,panda,animation,11.6m,india,1.1m,103.7k,1.9k
troom troom indonesia,troom troom indonesia,toys,11.6m,indonesia,256.7k,2.5k,96
raptorgamer,raptorgamer,video games,11.5m,mexico,741.4k,46.5k,1.5k
crazyrussianhacker,crazyrussianhacker,diy & life hacks,11.5m,united states,75.1k,2.3k,139
kluna tik,kluna tik,nan,11.5m,united states,442.1k,5.4k,367
codiscos,codiscos,music & dance,11.5m,colombia,9.4k,195,7
garena free fire latam,garena free fire latam,nan,11.5m,mexico,277.5k,6.1k,222
liv crime,liv crime,daily vlogs,11.5m,india,271.6k,2.6k,72
hoiitsroi,wassabi,humor,11.5m,united states,692.4k,47.6k,4.8k
nat and essie,nat and essie,toys,11.5m,nan,289.2k,1.8k,nan
thinkmusicindia,think music india,music & dance,11.5m,india,75.4k,3.2k,106
the mridul,the mridul,nan,11.5m,india,8.9m,293k,10.3k
banderitax,banderitax,animation,11.5m,saudi arabia,1.4m,101.2k,3.8k
americanvogue,vogue,fashion,11.5m,united states,324.2k,13.3k,412
luansantanaoficial,luan santana,music & dance,11.5m,brazil,3.4m,54.9k,4.7k
fifatv,fifa,sports,11.5m,united states,63.4k,1.9k,152
davie504,davie504,music & dance,11.5m,united states,2m,194.4k,1.4k
mor haryanvi,mor haryanvi,music & dance,11.5m,india,3.3m,49k,6.3k
expcaseros,expcaseros,diy & life hacks,11.5m,spain,54.1k,2.3k,98
tsmadaan,tsmadaan,education,11.5m,india,64.1k,1.5k,102
koo koo tv - hindi,koo koo tv - hindi,nan,11.5m,india,442.7k,4.5k,88
chhotu ki masti,chhotu ki masti,nan,11.5m,india,5m,47.3k,757
mythpat,mythpat,nan,11.5m,india,3m,310.4k,11.7k
ndtv,ndtv,news & politics,11.4m,india,4.9k,84,19
ya - alisa,ya - alisa,nan,11.3m,nan,28.6k,126,nan
coke studio,coke studio,music & dance,11.3m,pakistan,185.3k,5.4k,208
degoboom,degoboom,video games,11.3m,mexico,426k,16.3k,263
htbhakti,sonotek bhakti,music & dance,11.3m,india,101.8k,149,55
mrtimbavk,timba vk,video games,11.3m,mexico,1.5m,63.8k,1.6k
yudist ardhana,yudist ardhana,video games,11.3m,indonesia,330.4k,11.2k,451
elrubius,rubius z,video games,11.3m,argentina,2.3m,194.6k,2.2k
trakin tech,trakin tech,news & politics,11.3m,india,283.1k,21.9k,1.1k
felipeviktor,lipaogamer,animation,11.3m,brazil,164.5k,12.4k,168
captainsparklez,captainsparklez,video games,11.3m,united states,111.2k,8k,436
ماشا و الدب,ماشا و الدب,animation,11.3m,nan,1.3m,11.6k,nan
mbcmasr,mbc مصر,nan,11.3m,egypt,2.7k,51,4
eltreceok,el trece,news & politics,11.3m,argentina,3.6k,40,7
infobells bangla,infobells bangla,education,11.3m,nan,529.2k,2.3k,nan
mtv2,wild 'n out,music & dance,11.3m,united states,221k,4.7k,180
daniel el travieso videos,daniel el travieso videos,animation,11.3m,colombia,959.7k,32.2k,1.2k
unspeakablegaming,unspeakablegaming,video games,11.3m,united states,857.5k,16.5k,783
luzugames,luzugames,video games,11.3m,mexico,0,nan,nan
lokdhuntv,wave music bhakti,music & dance,11.3m,india,7k,106,16
gmanews,gma news,news & politics,11.3m,philippines,4.9k,50,12
sony music south,sony music south,music & dance,11.3m,india,265.3k,5.5k,135
vyqwaint,vy qwaint,video games,11.2m,united states,2.2m,43.2k,7k
wolfoo family,wolfoo family,animation,11.2m,nan,1.5m,9k,nan
kompastvnews,kompastv,news & politics,11.2m,indonesia,5.2k,37,22
maja tv hindi stories,maja tv hindi stories,nan,11.2m,india,518.7k,5.5k,110
hero movies 2022,hero movies 2022,daily vlogs,11.1m,india,177.7k,1.2k,22
rauw alejandro,rauw alejandro,music & dance,11.1m,peru,0,nan,nan
الجانب المُشرق | bright side arabic,الجانب المُشرق | bright side arabic,nan,11.1m,egypt,24.2k,744,44
123 go!,123 go!,humor,11.1m,united states,656k,5.9k,183
tastycompot,compot,video games,11.1m,russia,1.7m,74.4k,2.9k
办公室小野 ms yeah,办公室小野 ms yeah,nan,11.1m,united states,232.6k,20k,61
epicfortnite,fortnite,video games,11.1m,united states,321.3k,10.3k,433
magic five,magic five,video games,11.1m,russia,4m,230.2k,17.1k
biperysusamigos,biper y sus amigos,music & dance,11.1m,nan,539.5k,nan,nan
crackrockcandy,maymo,nan,11.1m,united states,328.2k,1.3k,67
firstwefeast,first we feast,food & drinks,11.1m,united states,308.2k,14.1k,689
realannoyingorange,annoying orange,animation,11.1m,united states,121.5k,2.8k,361
elrincondegiorgio,el rincón de giorgio,video games,11.1m,spain,1.8m,170.4k,3.1k
explosmentertainment,explosmentertainment,movies,11.1m,united states,711.2k,45.2k,2.2k
jaiden animations,jaiden animations,nan,11.1m,united states,5.6m,602.7k,94.3k
emily tube,emily tube,animation,11.1m,nan,0,nan,nan
yogawithadriene,yoga with adriene,fitness,11.1m,united states,952k,19.7k,702
mo vlogs,mo vlogs,humor,11.1m,india,401.5k,24.2k,909
star casablanca | نجوم الدار البيضاء,star casablanca | نجوم الدار البيضاء,music & dance,11.1m,iraq,46.5k,2.2k,164
bbcearth,bbc earth,animals & pets,11.1m,united states,87.7k,2.5k,192
morphle tv,morphle tv,animation,11.1m,nan,112.1k,nan,nan
free fire india official,free fire india official,animation,11.1m,india,177.7k,15.6k,821
ymwaynecarter,lil wayne,music & dance,11.1m,united states,2m,100.1k,4.8k
goldminesaction,goldminesaction,nan,11.1m,nan,8.4k,116,nan
coisadenerd,coisa de nerd,design/art,11.1m,brazil,1.1m,126.1k,3.7k
vlad and niki esp,vlad and niki esp,toys,11.1m,nan,1.5m,8.1k,nan
alejo igoa,alejo igoa,diy & life hacks,11m,argentina,4.1m,142.2k,4k
simone e simaria,simone e simaria,music & dance,10.9m,brazil,2.4m,57.2k,1.7k
youngboy never broke again,youngboy never broke again,music & dance,10.9m,united states,7.6m,274.7k,23.2k
theviralfevervideos,the viral fever,movies,10.9m,india,1.9m,89.4k,3k
hawkrecord,single track studio,music & dance,10.9m,india,989.2k,29.8k,439
avocado couple i crazy comics,avocado couple i crazy comics,nan,10.9m,united states,579.1k,5.3k,83
mirandasings08,miranda sings,humor,10.9m,united states,153.9k,10.3k,1.1k
watchcut,cut,humor,10.9m,united states,409.6k,16.9k,762
oyabakatousan,"sen, momo, ai & shii's channel",daily vlogs,10.9m,nan,92.5k,340,nan
pocoyotv,pocoyó en español - canal oficial,nan,10.9m,nan,130.1k,1.4k,nan
mashabearukraine,маша та ведмідь,education,10.9m,nan,218.6k,1.2k,nan
chotoonz,chotoonz tv - funny cartoons for kids,nan,10.9m,nan,79.6k,nan,nan
луномосик,луномосик,video games,10.9m,russia,2.5m,83.9k,2.9k
barbie,barbie,nan,10.9m,nan,161.9k,365,nan
technology gyan,technology gyan,nan,10.9m,india,331.2k,26.4k,1.4k
tygatygatv,tyga,music & dance,10.9m,united states,45.6k,3.1k,83
comedycentral,comedy central,humor,10.9m,united states,42.4k,924,50
demolitionranch,demolitionranch,video games,10.9m,united states,1.6m,75.4k,5.4k
rapgeniusvideo,genius,music & dance,10.9m,united states,52.1k,2.2k,144
wiederdude,wiederdude,nan,10.9m,united states,863k,17.6k,418
e-mastersensei,e-mastersensei,animation,10.9m,mexico,1.5m,103.2k,1.3k
carryislive,carryislive,nan,10.9m,india,916.9k,84.1k,389
juanpa zurita,juanpa zurita,nan,10.9m,mexico,1.9m,149.4k,4.2k
baklol video,baklol video,movies,10.9m,india,1.4m,33.4k,1.8k
hellomaphiemx,hellomaphiemx,diy & life hacks,10.9m,mexico,654.4k,76k,284
levinho,levinho,nan,10.9m,india,304.1k,29.3k,850
jpgameplayfull,jp plays,video games,10.9m,brazil,112.7k,6k,207
dan rhodes,dan rhodes,animation,10.8m,india,334.1k,29.6k,211
geonews,geo news,news & politics,10.8m,pakistan,3.8k,53,5
toysplay,toysplay,animation,10.7m,nan,183.4k,1.1k,nan
bharatzkitchen hindi,bharatzkitchen hindi,nan,10.7m,india,232.9k,6k,199
área secreta,área secreta,diy & life hacks,10.7m,brazil,0,nan,nan
virgínia fonseca,virgínia fonseca,daily vlogs,10.7m,brazil,922.6k,78.6k,1.4k
programagalofrito,galo frito,nan,10.7m,brazil,7.7k,777,19
filmtheorists,the film theorists,movies,10.7m,united states,2.2m,110.3k,5.5k
videogyan,videogyan nursery rhymes - kids songs & cartoons,animation,10.7m,nan,69k,318,nan
gameseduuu,games eduuu,movies,10.7m,brazil,1.5m,218.1k,7.7k
mc divertida,mc divertida,music & dance,10.7m,nan,230.3k,2k,nan
kidstvindia,kids tv india hindi nursery rhymes,education,10.7m,nan,69.7k,327,nan
tiempodesol,duo tiempo de sol,music & dance,10.7m,nan,423.7k,1.6k,nan
"baby big mouth kids - sing, dance, explore","baby big mouth kids - sing, dance, explore",animation,10.7m,nan,1k,18,nan
quantum tech hd,quantum tech hd,nan,10.7m,united states,1.2m,7.2k,109
comedyshortsgamer,deji,animation,10.7m,united kingdom,1.5m,50.7k,3.2k
hikakintv,hikakintv,music & dance,10.7m,japan,1.2m,42.6k,1.8k
storybots,netflix jr.,animation,10.7m,nan,38.6k,105,nan
goprocamera,gopro,sports,10.7m,united states,55.3k,2.1k,59
slogomanify,slogo,video games,10.7m,united states,387.1k,17.8k,424
tomiii 11,tomiii 11,daily vlogs,10.7m,mexico,78.5k,9.7k,445
narendra modi,narendra modi,science & technology,10.7m,india,31.5k,1.8k,133
dobre brothers,dobre brothers,humor,10.7m,united states,284.4k,10.2k,381
oggy,oggy,nan,10.7m,nan,504.3k,5.5k,nan
oyuncakoynuyorum,oyuncakoynuyorum,nan,10.7m,nan,311.2k,1.1k,nan
experienced mojaraba tv,experienced mojaraba tv,health & self help,10.7m,united states,190.7k,5.2k,128
rangeldovine,lucas rangel,nan,10.6m,brazil,169.6k,18.2k,69
next9news हर खबर आप तक,next9news हर खबर आप तक,nan,10.6m,india,1.6k,7,nan
jessica jane,jessica jane,food & drinks,10.5m,indonesia,826.4k,46.2k,1.1k
ceylin - h official,ceylin - h official,music & dance,10.5m,cyprus,73.1k,nan,nan
stampylonghead,stampylonghead,video games,10.5m,united states,155.9k,8.2k,759
flamingo,flamingo,animation,10.5m,united states,2.1m,68.3k,7.1k
golemcito games,golemcito games,video games,10.5m,peru,2.8m,290k,6.4k
daniel labelle,daniel labelle,nan,10.5m,united states,5.6m,273.6k,2.4k
vox,vox,news & politics,10.5m,united states,2.3m,69.3k,3.6k
craftingeek,craftingeek,nan,10.5m,mexico,231.2k,9.2k,113
francinyehlke,franciny ehlke,fashion,10.5m,brazil,197.2k,19.2k,629
buzzfeedyellow,as/is,fashion,10.5m,united states,27.1k,1.1k,12
doctruyencotich,kênh thiếu nhi - bhmedia,music & dance,10.5m,united states,21.3k,94,nan
chillstepnation,chill nation,music & dance,10.5m,united states,53.7k,1.1k,46
acenix,acenix,video games,10.5m,mexico,2.4m,111k,2.2k
taylor rs,taylor rs,nan,10.5m,united states,39.8k,348,12
pinkfongko,핑크퐁 (인기 동요・동화),music & dance,10.5m,nan,66.9k,325,nan
sarabeautycorner,"sarabeautycorner - diy, comedy, makeup, nail art",diy & life hacks,10.5m,united states,133.3k,7.6k,722
warnerbrospictures,warner bros. pictures,movies,10.5m,united states,424.8k,17.7k,861
google,google,nan,10.5m,united states,11.6k,158,15
redbull,red bull,sports,10.5m,united states,292.5k,5.2k,246
la divaza,la divaza,nan,10.5m,mexico,0,nan,nan
cjenmmusic,stone music entertainment,music & dance,10.5m,united states,8.4k,719,34
telugufilmnagar,telugu filmnagar,nan,10.5m,india,4.5k,71,2
brancoala,brancoala,toys,10.5m,brazil,398.2k,8.2k,202
kids smile tv,kids smile tv,nan,10.5m,nan,227.5k,1.4k,nan
soicon295,magnet world,nan,10.5m,united states,12.6k,423,5
sidhu moose wala,sidhu moose wala,music & dance,10.4m,india,3.9m,336k,59k
alarabiya,alarabiya العربية,news & politics,10.4m,morocco,6.3k,92,22
troom troom arabic,troom troom arabic,nan,10.3m,egypt,558.9k,9.1k,184
mekcanal,matheus e kauan,music & dance,10.3m,brazil,6.2k,663,11
dudupoptoy,dudupoptoy,animation,10.3m,nan,16.1k,374,nan
playing with rafael,playing with rafael,nan,10.3m,brazil,3.9k,25,nan
jamuna tv,jamuna tv,news & politics,10.3m,bangladesh,60.1k,1.5k,96
cris devil gamer,cris devil gamer,music & dance,10.3m,united states,460.5k,19.9k,669
prantoniojunior,pastor antônio júnior,music & dance,10.3m,brazil,341k,79.9k,8.8k
pari's lifestyle,pari's lifestyle,daily vlogs,10.3m,india,545.6k,12.1k,113
sbtthenoite,the noite com danilo gentili,nan,10.3m,brazil,26.4k,1.4k,42
hishedotcom,how it should have ended,movies,10.3m,united states,903.9k,33.9k,1.3k
penguinz0,penguinz0,animation,10.3m,united states,1.4m,49.3k,2.6k
destinws2,smartereveryday,science & technology,10.3m,united states,1.9m,72.2k,4.7k
flowers comedy,flowers comedy,nan,10.3m,india,124.5k,2k,126
lucygerardi43,luli pampín,music & dance,10.3m,nan,546.6k,3.1k,nan
cbstvdinsideedition,inside edition,news & politics,10.3m,united states,213.1k,5.5k,684
oum walid,oum walid,education,10.3m,algeria,527.8k,29.4k,1.6k
lofi girl,lofi girl,music & dance,10.3m,united states,96.9k,3.8k,179
twinroozi 쌍둥이 루지,twinroozi 쌍둥이 루지,daily vlogs,10.3m,indonesia,197.5k,nan,nan
infobellskannada,infobells - kannada,education,10.3m,nan,759.4k,3.3k,nan
mrwhosetheboss,mrwhosetheboss,science & technology,10.3m,united states,2.7m,152.9k,10.1k
tiktak draw,tiktak draw,science & technology,10.3m,mexico,120.9k,7.7k,345
sagahits,sagahits,music & dance,10.3m,india,45.3k,1.2k,51
sab kuchh sikho jano,sab kuchh sikho jano,news & politics,10.2m,india,28.8k,1.5k,61
zeetamil,zee tamil,nan,10.2m,india,85k,1.6k,13
milena stepanienco - mileninha,milena stepanienco - mileninha,toys,10.2m,brazil,342.5k,2.6k,nan
wylsacom,wylsacom,news & politics,10.2m,russia,946.9k,38.8k,6.9k
two side gamers,two side gamers,nan,10.1m,india,681.4k,62.3k,1.6k
aljazeerachannel,aljazeera channel قناة الجزيرة,news & politics,10.1m,morocco,36.7k,485,89
cleanbandit,clean bandit,music & dance,10.1m,united states,64.8k,2.1k,100
jessicajulioebaby,laurinha e helena - clubinho da laura,toys,10.1m,brazil,246.1k,5.7k,176
rawan and rayan,rawan and rayan,daily vlogs,10.1m,algeria,1m,61.5k,4.4k
t-studio,t-studio,nan,10.1m,united states,50.2k,4.9k,15
tv9 bharatvarsh,tv9 bharatvarsh,news & politics,10.1m,india,27.9k,484,19
asapscience,asapscience,science & technology,10.1m,united states,772k,55.8k,1.8k
caso cerrado,caso cerrado,nan,10.1m,mexico,410.7k,4.7k,174
dalasreview,dalas review,science & technology,10.1m,mexico,684.7k,82.1k,9.7k
francoescamilla,franco escamilla,nan,10.1m,mexico,450k,16.2k,352
pinkfong en español - canciones infantiles,pinkfong en español - canciones infantiles,animation,10.1m,nan,44.9k,156,nan
be amazed,be amazed,education,10.1m,united states,577k,14.1k,762
pen multiplex,pen multiplex,nan,10.1m,india,10.3k,60,5
0214mex,はじめしゃちょー（hajime）,music & dance,10.1m,japan,1.2m,34.2k,1.3k
republic bharat,republic bharat,news & politics,10.1m,india,15.4k,nan,17
captain watch hits,captain watch hits,nan,10.1m,india,41.2k,234,6
влад и никита,влад и никита,toys,10.1m,nan,1m,6k,nan
dynamo gaming,dynamo gaming,nan,10.1m,india,497.9k,58.5k,261
tomorrowlandchannel,tomorrowland,music & dance,10.1m,brazil,19.4k,914,50
vitalyzdtv,vitalyzdtv,humor,10.1m,united states,67.9k,1.2k,236
вдудь,вдудь,news & politics,10.1m,russia,16.8m,615.5k,89.4k
atv,atv,animation,10.1m,turkey,41.2k,420,25
rachit rojha,rachit rojha,nan,10.1m,india,5.2m,101.8k,4.4k
chuchutv hindi,chuchutv hindi,education,10.1m,nan,160.6k,1k,nan
mtv,mtv,music & dance,10.1m,united states,6.7k,343,23
hindi kahaniya,hindi kahaniya,nan,10.1m,india,159.2k,1.9k,52
ctctv,стс,video games,10.1m,russia,19k,168,13
luan palomera,luan palomera,nan,10.1m,mexico,757.5k,40.2k,1.6k
hindi fairy tales,hindi fairy tales,nan,10.1m,india,557.2k,9.3k,nan
hindi countdown,hindi countdown,education,10.1m,india,3.6m,89.6k,3k
diana and roma ind,diana and roma ind,nan,10.1m,nan,294k,1.8k,nan
lorrayne oliveira,lorrayne oliveira,toys,10.1m,brazil,281.5k,17.5k,502
busy fun ltd,busy fun ltd,nan,10.1m,india,2.4m,13.9k,334
goldmines housefull,goldmines housefull,nan,10m,nan,13.4k,nan,nan
rdcgujarati,rdc gujarati,music & dance,10m,india,26.1k,808,26
wolfoo's stories,wolfoo's stories,animation,10m,nan,724.3k,4.2k,nan
juice wrld,juice wrld,music & dance,10m,united states,7.6m,308.3k,19.4k
jordanmatter,jordan matter,music & dance,10m,united states,4.9m,137k,12.5k
whoisjimmy,how ridiculous,sports,9.9m,united states,25.5m,750.3k,5.2k
bestcodcomedy,bcc gaming,video games,9.9m,united states,2.3k,75,8
familyfunpack,family fun pack,nan,9.9m,united states,114.5k,2.2k,273
makebymarimaria,mari maria,fashion,9.9m,brazil,132.1k,13.8k,436
toymong tv 토이몽tv,toymong tv 토이몽tv,nan,9.9m,nan,27.1k,211,nan
berth-oh,berth-oh,nan,9.9m,mexico,520k,24.6k,591
comedy captain,comedy captain,nan,9.9m,india,16.3k,127,3
joe hattab,joe hattab,travel,9.9m,saudi arabia,3.5m,233.2k,15.9k
nasatelevision,nasa,news & politics,9.9m,united states,92.6k,4.2k,nan
historychannel,history,nan,9.9m,united states,71.2k,1.3k,108
msa previously my story animated,msa previously my story animated,animation,9.9m,united states,5.4m,154k,4.8k
nirahua music world,nirahua music world,nan,9.9m,india,112.6k,5k,152
nickelodeon,nickelodeon,movies,9.9m,nan,60k,767,nan
will smith,will smith,movies,9.9m,united states,332.2k,10.5k,5.5k
heroine movies 2022,heroine movies 2022,daily vlogs,9.9m,india,151.9k,1.1k,22
wamindiamovies,wamindia movies,nan,9.9m,india,138.5k,2.2k,41
shrutiarjunanand,shruti arjun anand,movies,9.8m,india,1.5m,47.1k,1.5k
barcroftmedia,truly,news & politics,9.8m,united states,105k,nan,382
5-minute recipes,5-minute recipes,nan,9.8m,india,76.4k,860,15
rathorvideo,rathore cassettes,nan,9.8m,india,13.5k,134,13
buzzfeedblue,buzzfeed multiplayer,nan,9.8m,united states,8.5k,342,79
5-minute crafts like,5-minute crafts like,nan,9.8m,united states,48.3k,394,8
panicopgm,programa pânico lab,toys,9.8m,brazil,22.9k,1.1k,27
ruok ff,ruok ff,nan,9.8m,brazil,687k,80.7k,4k
htv2channel,vie channel - htv2,music & dance,9.8m,united states,8.5k,114,7
kikido,kikido,video games,9.8m,russia,1.7m,44k,1.5k
mbckpop,mbckpop,music & dance,9.8m,philippines,19k,925,87
receitas de pai,receitas de pai,food & drinks,9.8m,brazil,99k,13k,336
thesyndicateproject,syndicate,video games,9.8m,united states,157.7k,4.9k,1.3k
family box,family box,video games,9.8m,russia,510.7k,9.7k,483
sơn tùng m-tp official,sơn tùng m-tp official,music & dance,9.8m,united states,61.2k,4.6k,233
peppa pig hindi,peppa pig hindi,education,9.8m,nan,338.9k,2.5k,nan
vlad and niki prt,vlad and niki prt,nan,9.7m,nan,1.8m,nan,nan
onerepublic,onerepublic,music & dance,9.7m,united states,9.9k,749,21
bbcarabicnews,bbc news عربي,news & politics,9.7m,egypt,38.5k,736,145
the daily show with trevor noah,the daily show with trevor noah,news & politics,9.7m,united states,497.4k,10.2k,1.1k
islam populer,islam populer,education,9.7m,indonesia,82.3k,2.1k,164
viki show,viki show,humor,9.7m,russia,2.8m,109.6k,3.1k
raditya dika,raditya dika,food & drinks,9.7m,indonesia,179.2k,7.8k,299
mrplotvideos,mundo bita,music & dance,9.7m,nan,505.9k,4.9k,nan
مصطفى game over,مصطفى game over,nan,9.7m,iraq,658.9k,74.9k,2.9k
chennaiexp2013,red chillies entertainment,nan,9.7m,india,28.4k,990,72
mrgustavoparodias,gustavo paródias,humor,9.7m,brazil,214.5k,22k,367
chuchutv español,chuchutv español,humor,9.7m,nan,35k,204,nan
welovekamikaze,welovekamikaze,nan,9.7m,thailand,3k,132,4
singkingkaraoke,sing king,music & dance,9.7m,united states,10.8k,157,17
eugenbro,eugenbro,video games,9.7m,russia,724.3k,36.5k,2.7k
kapilcomedynights,colors rishtey,nan,9.7m,india,247.3k,1.7k,20
larva2011ani,larva tuba,nan,9.6m,united states,21.8k,259,12
netflix latinoamérica,netflix latinoamérica,nan,9.6m,mexico,20.3k,993,76
thepersica,orkun işıtmak,video games,9.6m,turkey,1.7m,75.5k,2.1k
teremoktv,теремок тв,video games,9.6m,nan,117.3k,546,nan
prince royce,prince royce,music & dance,9.6m,united states,7m,160.8k,3.6k
قناة وناسة -  wanasah tv,قناة وناسة -  wanasah tv,music & dance,9.6m,nan,12.4m,78.2k,nan
heidi y zidane en español,heidi y zidane en español,toys,9.6m,nan,339.4k,2.2k,nan
serbiangamesbl2,life hacks & experiments,nan,9.6m,united states,42.5k,194,14
mainacassette,haryanvi maina,music & dance,9.6m,india,6.3k,55,4
mamilosmolengas,mussoumano,music & dance,9.6m,brazil,860.5k,88.2k,3.6k
sadhguru,sadhguru,nan,9.6m,india,196.7k,9.6k,186
sonotek haryanvi,sonotek haryanvi,music & dance,9.6m,india,11.3k,192,21
survival builder,survival builder,nan,9.6m,united states,151.6k,3.3k,134
luisitorey,luisitorey,nan,9.6m,mexico,33.1k,2.2k,48
bispo bruno leonardo,bispo bruno leonardo,music & dance,9.6m,brazil,577.9k,208.7k,139.8k
bgfilms,babish culinary universe,food & drinks,9.6m,united states,817.9k,34.4k,1.2k
5-minute crafts teens,5-minute crafts teens,nan,9.6m,india,23.8k,386,13
bibi,bibi,nan,9.6m,brazil,30.8k,3k,51
zarcortgame,zarcortgame,music & dance,9.5m,mexico,111k,15.3k,538
delrecords,del records,music & dance,9.5m,mexico,289k,12.8k,200
ehbeefamily,the bee family,humor,9.5m,united states,58k,2.6k,170
eagle home entertainments,eagle home entertainments,nan,9.5m,india,3k,27,nan
ben azelart,ben azelart,video games,9.5m,united states,2.3m,89.3k,31.1k
picapicavevo,pica - pica oficial,nan,9.5m,nan,211.5k,519,nan
talent recap,talent recap,music & dance,9.5m,united states,33.5k,328,29
lincolnvelasquez,cong tv,nan,9.5m,philippines,2.5m,163.6k,4.2k
garena free fire brasil,garena free fire brasil,video games,9.5m,brazil,200.9k,3.1k,302
inquisitormaster,inquisitormaster,animation,9.5m,united states,544.3k,20.5k,1.3k
niki and gabi,niki and gabi,fashion,9.5m,united states,485.5k,25.2k,531
منوعات الكوميديا العراقية,منوعات الكوميديا العراقية,nan,9.5m,iraq,1.4m,78.5k,1.7k
topmovieclips,topmovieclips,movies,9.5m,united states,268.3k,5.4k,190
timesmusicindia,times music,music & dance,9.5m,india,456.1k,10.3k,178
dababy,dababy,music & dance,9.5m,united states,976.4k,36.4k,1.3k
dharma productions,dharma productions,nan,9.5m,india,20.4k,1.2k,44
initalkshow,ini talk show,music & dance,9.5m,indonesia,0,nan,nan
beto gamer,beto gamer,animation,9.5m,brazil,448.9k,28.1k,372
mrstiven tc,mrstiven tc,video games,9.5m,colombia,671.7k,66.9k,352
netflixbra,netflix brasil,humor,9.4m,brazil,23.3k,1.6k,90
joeygraceffa,joey graceffa,animals & pets,9.4m,united states,317.9k,23.3k,2.9k
aanandaaudio,anand audio,nan,9.4m,india,132.3k,3.6k,126
sonyliv,sonyliv,nan,9.4m,india,3.4k,56,3
서은이야기[seoeunstory],서은이야기[seoeunstory],nan,9.4m,nan,36.5k,176,nan
grandpa kitchen,grandpa kitchen,food & drinks,9.4m,united states,162.7k,8.6k,318
mrmuselk,muselk,video games,9.4m,united states,465.5k,19.6k,636
joshdub,joshdub,animation,9.4m,united states,0,nan,nan
brpvphu3,joão caetano,nan,9.4m,brazil,755.5k,69.1k,1.2k
power vision,power vision,nan,9.4m,united states,24.1k,428,4
n1noobtubers,웃웃twinsfromrussia,daily vlogs,9.4m,india,55.6k,3.6k,19
bhaktisongs,shemaroo bhakti,music & dance,9.4m,india,2.8k,45,6
the voice global,the voice global,music & dance,9.4m,united states,320.8k,4.1k,87
popsvietnam,pops music,music & dance,9.4m,united states,7.7k,217,4
cracks,cracks,video games,9.4m,colombia,21.3k,2k,139
hasanjr11,hasanjr11,nan,9.4m,indonesia,23k,2.3k,208
adriana show,adriana show,animation,9.4m,nan,53.8k,nan,nan
cleo y cuquin - canciones infantiles,cleo y cuquin - canciones infantiles,music & dance,9.4m,nan,225.1k,1k,nan
efdewe,efdewe,music & dance,9.3m,indonesia,195k,11.2k,670
sas-asmr,sas-asmr,nan,9.3m,united states,216.7k,7.3k,238
fozimozi,fozi mozi,nan,9.3m,nan,273.1k,3.2k,nan
sonotektv,sonotek music,music & dance,9.3m,india,1.6m,34.5k,1k
teremoksongs,теремок - песенки для детей,music & dance,9.3m,russia,115.4k,615,nan
yfrosta,frost,video games,9.3m,russia,560.5k,48.5k,1.8k
dreamworksanimation,peacock kids,nan,9.3m,nan,12.2k,47,nan
rsvdo,rsfriends,music & dance,9.3m,thailand,4.4k,118,12
classic mr bean,classic mr bean,nan,9.3m,india,86k,1k,47
letda hyper,letda hyper,music & dance,9.3m,indonesia,95k,5.2k,332
brunoberti10,irmãos berti,toys,9.3m,brazil,116.3k,7k,194
karina garcia,karina garcia,diy & life hacks,9.3m,united states,220.8k,9.2k,301
bhojpuri movies,bhojpuri movies,nan,9.3m,india,4.2m,14.9k,142
dolly and friends,dolly and friends,animation,9.3m,nan,415.3k,2.7k,nan
platicapolinesa,platicapolinesia,music & dance,9.3m,mexico,38.5k,3.9k,370
bessan ismail - بيسان اسماعيل,bessan ismail - بيسان اسماعيل,nan,9.3m,iraq,1.9m,175.1k,13k
foxnewschannel,fox news,news & politics,9.3m,united states,207.1k,5.1k,1.8k
roosterteeth,rooster teeth,movies,9.3m,united states,40.8k,1.3k,136
rayito,rayito,nan,9.3m,mexico,7.6k,306,33
[햄지]hamzy,[햄지]hamzy,nan,9.3m,united states,2.5m,55.8k,1.6k
monsta,monsta,nan,9.2m,indonesia,44.8k,1.2k,nan
soothing relaxation,soothing relaxation,music & dance,9.2m,united states,112.3k,3.6k,258
nfl,nfl,sports,9.2m,united states,107.3k,1.8k,206
filtercopy,filtercopy,nan,9.2m,india,723.4k,24.3k,326
thơ nguyễn,thơ nguyễn,nan,9.2m,united states,266.6k,3.9k,194
troom troom select,troom troom select,movies,9.2m,united states,342.7k,4k,93
chetakvideo,chetak,music & dance,9.2m,india,15.6k,308,10
denis,denis,video games,9.2m,united states,194.2k,9.1k,461
cartoonnetworkuk,cartoon network uk,nan,9.2m,nan,47.3k,387,nan
tom slime,tom slime,nan,9.2m,united states,21k,206,10
futparódias,futparódias,music & dance,9.2m,brazil,1.4m,110.1k,2.5k
el gato,el gato,toys,9.2m,brazil,243.8k,30.7k,636
cinemasins,cinemasins,movies,9.2m,united states,296k,10.2k,874
cricketicc,icc,sports,9.2m,india,15.2k,854,58
brksedu,brksedu,animation,9.2m,brazil,112.3k,9.8k,246
